file,line,type,commit,author,date,time,timezone,datetime,depth,length
style.css,1,css,6e7c4a3f,Odessa Castillo,2025-10-02,22:03:28,-07:00,2025-10-02T22:03:28-07:00,0,4
style.css,2,css,6e7c4a3f,Odessa Castillo,2025-10-02,22:03:28,-07:00,2025-10-02T22:03:28-07:00,1,43
style.css,3,css,6e7c4a3f,Odessa Castillo,2025-10-02,22:03:28,-07:00,2025-10-02T22:03:28-07:00,0,42
style.css,4,css,6e7c4a3f,Odessa Castillo,2025-10-02,22:03:28,-07:00,2025-10-02T22:03:28-07:00,0,0
style.css,5,css,6e7c4a3f,Odessa Castillo,2025-10-02,22:03:28,-07:00,2025-10-02T22:03:28-07:00,1,23
style.css,6,css,51cbcff1,Odessa Castillo,2025-10-10,22:35:01,-07:00,2025-10-10T22:35:01-07:00,0,0
style.css,7,css,51cbcff1,Odessa Castillo,2025-10-10,22:35:01,-07:00,2025-10-10T22:35:01-07:00,0,0
style.css,8,css,51cbcff1,Odessa Castillo,2025-10-10,22:35:01,-07:00,2025-10-10T22:35:01-07:00,0,4
style.css,9,css,51cbcff1,Odessa Castillo,2025-10-10,22:35:01,-07:00,2025-10-10T22:35:01-07:00,2,12
style.css,10,css,51cbcff1,Odessa Castillo,2025-10-10,22:35:01,-07:00,2025-10-10T22:35:01-07:00,0,0
style.css,11,css,51cbcff1,Odessa Castillo,2025-10-10,22:35:01,-07:00,2025-10-10T22:35:01-07:00,0,0
style.css,12,css,51cbcff1,Odessa Castillo,2025-10-10,22:35:01,-07:00,2025-10-10T22:35:01-07:00,0,4
style.css,13,css,51cbcff1,Odessa Castillo,2025-10-10,22:35:01,-07:00,2025-10-10T22:35:01-07:00,2,15
style.css,14,css,51cbcff1,Odessa Castillo,2025-10-10,22:35:01,-07:00,2025-10-10T22:35:01-07:00,0,0
style.css,15,css,51cbcff1,Odessa Castillo,2025-10-10,22:35:01,-07:00,2025-10-10T22:35:01-07:00,0,0
style.css,16,css,51cbcff1,Odessa Castillo,2025-10-10,22:35:01,-07:00,2025-10-10T22:35:01-07:00,0,4
style.css,17,css,51cbcff1,Odessa Castillo,2025-10-10,22:35:01,-07:00,2025-10-10T22:35:01-07:00,2,18
style.css,18,css,51cbcff1,Odessa Castillo,2025-10-10,22:35:01,-07:00,2025-10-10T22:35:01-07:00,0,0
style.css,19,css,51cbcff1,Odessa Castillo,2025-10-10,22:35:01,-07:00,2025-10-10T22:35:01-07:00,0,0
style.css,20,css,51cbcff1,Odessa Castillo,2025-10-10,22:35:01,-07:00,2025-10-10T22:35:01-07:00,0,3
style.css,21,css,9371de0b,Odessa Castillo,2025-10-17,23:23:09,-07:00,2025-10-17T23:23:09-07:00,1,36
style.css,22,css,51cbcff1,Odessa Castillo,2025-10-10,22:35:01,-07:00,2025-10-10T22:35:01-07:00,1,12
style.css,23,css,51cbcff1,Odessa Castillo,2025-10-10,22:35:01,-07:00,2025-10-10T22:35:01-07:00,1,18
style.css,24,css,51cbcff1,Odessa Castillo,2025-10-10,22:35:01,-07:00,2025-10-10T22:35:01-07:00,1,23
style.css,25,css,51cbcff1,Odessa Castillo,2025-10-10,22:35:01,-07:00,2025-10-10T22:35:01-07:00,1,25
style.css,26,css,9371de0b,Odessa Castillo,2025-10-17,23:23:09,-07:00,2025-10-17T23:23:09-07:00,1,39
style.css,27,css,51cbcff1,Odessa Castillo,2025-10-10,22:35:01,-07:00,2025-10-10T22:35:01-07:00,1,18
style.css,28,css,9371de0b,Odessa Castillo,2025-10-17,23:23:09,-07:00,2025-10-17T23:23:09-07:00,0,0
style.css,29,css,9371de0b,Odessa Castillo,2025-10-17,23:23:09,-07:00,2025-10-17T23:23:09-07:00,1,2
style.css,30,css,51cbcff1,Odessa Castillo,2025-10-10,22:35:01,-07:00,2025-10-10T22:35:01-07:00,1,16
style.css,31,css,51cbcff1,Odessa Castillo,2025-10-10,22:35:01,-07:00,2025-10-10T22:35:01-07:00,1,19
style.css,32,css,51cbcff1,Odessa Castillo,2025-10-10,22:35:01,-07:00,2025-10-10T22:35:01-07:00,0,0
style.css,33,css,9371de0b,Odessa Castillo,2025-10-17,23:23:09,-07:00,2025-10-17T23:23:09-07:00,1,2
style.css,34,css,51cbcff1,Odessa Castillo,2025-10-10,22:35:01,-07:00,2025-10-10T22:35:01-07:00,1,16
style.css,35,css,51cbcff1,Odessa Castillo,2025-10-10,22:35:01,-07:00,2025-10-10T22:35:01-07:00,0,0
style.css,36,css,51cbcff1,Odessa Castillo,2025-10-10,22:35:01,-07:00,2025-10-10T22:35:01-07:00,0,0
style.css,37,css,9371de0b,Odessa Castillo,2025-10-17,23:23:09,-07:00,2025-10-17T23:23:09-07:00,1,1
style.css,38,css,51cbcff1,Odessa Castillo,2025-10-10,22:35:01,-07:00,2025-10-10T22:35:01-07:00,1,5
style.css,39,css,51cbcff1,Odessa Castillo,2025-10-10,22:35:01,-07:00,2025-10-10T22:35:01-07:00,1,20
style.css,40,css,51cbcff1,Odessa Castillo,2025-10-10,22:35:01,-07:00,2025-10-10T22:35:01-07:00,1,13
style.css,41,css,51cbcff1,Odessa Castillo,2025-10-10,22:35:01,-07:00,2025-10-10T22:35:01-07:00,1,17
style.css,42,css,51cbcff1,Odessa Castillo,2025-10-10,22:35:01,-07:00,2025-10-10T22:35:01-07:00,1,13
style.css,43,css,51cbcff1,Odessa Castillo,2025-10-10,22:35:01,-07:00,2025-10-10T22:35:01-07:00,0,0
style.css,44,css,9371de0b,Odessa Castillo,2025-10-17,23:23:09,-07:00,2025-10-17T23:23:09-07:00,1,9
style.css,45,css,9371de0b,Odessa Castillo,2025-10-17,23:23:09,-07:00,2025-10-17T23:23:09-07:00,1,45
style.css,46,css,9371de0b,Odessa Castillo,2025-10-17,23:23:09,-07:00,2025-10-17T23:23:09-07:00,2,19
style.css,47,css,51cbcff1,Odessa Castillo,2025-10-10,22:35:01,-07:00,2025-10-10T22:35:01-07:00,0,0
style.css,48,css,9371de0b,Odessa Castillo,2025-10-17,23:23:09,-07:00,2025-10-17T23:23:09-07:00,0,0
style.css,49,css,9371de0b,Odessa Castillo,2025-10-17,23:23:09,-07:00,2025-10-17T23:23:09-07:00,0,0
style.css,50,css,51cbcff1,Odessa Castillo,2025-10-10,22:35:01,-07:00,2025-10-10T22:35:01-07:00,0,0
style.css,51,css,51cbcff1,Odessa Castillo,2025-10-10,22:35:01,-07:00,2025-10-10T22:35:01-07:00,0,5
style.css,52,css,51cbcff1,Odessa Castillo,2025-10-10,22:35:01,-07:00,2025-10-10T22:35:01-07:00,1,30
style.css,53,css,51cbcff1,Odessa Castillo,2025-10-10,22:35:01,-07:00,2025-10-10T22:35:01-07:00,1,32
style.css,54,css,9371de0b,Odessa Castillo,2025-10-17,23:23:09,-07:00,2025-10-17T23:23:09-07:00,0,0
style.css,55,css,9371de0b,Odessa Castillo,2025-10-17,23:23:09,-07:00,2025-10-17T23:23:09-07:00,1,0
style.css,56,css,51cbcff1,Odessa Castillo,2025-10-10,22:35:01,-07:00,2025-10-10T22:35:01-07:00,0,0
style.css,57,css,51cbcff1,Odessa Castillo,2025-10-10,22:35:01,-07:00,2025-10-10T22:35:01-07:00,0,0
style.css,58,css,51cbcff1,Odessa Castillo,2025-10-10,22:35:01,-07:00,2025-10-10T22:35:01-07:00,0,7
style.css,59,css,51cbcff1,Odessa Castillo,2025-10-10,22:35:01,-07:00,2025-10-10T22:35:01-07:00,1,45
style.css,60,css,9371de0b,Odessa Castillo,2025-10-17,23:23:09,-07:00,2025-10-17T23:23:09-07:00,1,69
style.css,61,css,51cbcff1,Odessa Castillo,2025-10-10,22:35:01,-07:00,2025-10-10T22:35:01-07:00,0,0
style.css,62,css,51cbcff1,Odessa Castillo,2025-10-10,22:35:01,-07:00,2025-10-10T22:35:01-07:00,0,0
style.css,63,css,51cbcff1,Odessa Castillo,2025-10-10,22:35:01,-07:00,2025-10-10T22:35:01-07:00,0,4
style.css,64,css,51cbcff1,Odessa Castillo,2025-10-10,22:35:01,-07:00,2025-10-10T22:35:01-07:00,1,12
style.css,65,css,51cbcff1,Odessa Castillo,2025-10-10,22:35:01,-07:00,2025-10-10T22:35:01-07:00,1,30
style.css,66,css,51cbcff1,Odessa Castillo,2025-10-10,22:35:01,-07:00,2025-10-10T22:35:01-07:00,1,7
style.css,67,css,51cbcff1,Odessa Castillo,2025-10-10,22:35:01,-07:00,2025-10-10T22:35:01-07:00,1,0
style.css,68,css,51cbcff1,Odessa Castillo,2025-10-10,22:35:01,-07:00,2025-10-10T22:35:01-07:00,0,0
style.css,69,css,51cbcff1,Odessa Castillo,2025-10-10,22:35:01,-07:00,2025-10-10T22:35:01-07:00,0,0
style.css,70,css,51cbcff1,Odessa Castillo,2025-10-10,22:35:01,-07:00,2025-10-10T22:35:01-07:00,0,13
style.css,71,css,51cbcff1,Odessa Castillo,2025-10-10,22:35:01,-07:00,2025-10-10T22:35:01-07:00,2,12
style.css,72,css,51cbcff1,Odessa Castillo,2025-10-10,22:35:01,-07:00,2025-10-10T22:35:01-07:00,2,29
style.css,73,css,51cbcff1,Odessa Castillo,2025-10-10,22:35:01,-07:00,2025-10-10T22:35:01-07:00,2,18
style.css,74,css,51cbcff1,Odessa Castillo,2025-10-10,22:35:01,-07:00,2025-10-10T22:35:01-07:00,2,18
style.css,75,css,51cbcff1,Odessa Castillo,2025-10-10,22:35:01,-07:00,2025-10-10T22:35:01-07:00,0,0
style.css,76,css,51cbcff1,Odessa Castillo,2025-10-10,22:35:01,-07:00,2025-10-10T22:35:01-07:00,0,0
style.css,77,css,51cbcff1,Odessa Castillo,2025-10-10,22:35:01,-07:00,2025-10-10T22:35:01-07:00,0,6
style.css,78,css,51cbcff1,Odessa Castillo,2025-10-10,22:35:01,-07:00,2025-10-10T22:35:01-07:00,2,12
style.css,79,css,51cbcff1,Odessa Castillo,2025-10-10,22:35:01,-07:00,2025-10-10T22:35:01-07:00,2,18
style.css,80,css,51cbcff1,Odessa Castillo,2025-10-10,22:35:01,-07:00,2025-10-10T22:35:01-07:00,2,18
style.css,81,css,51cbcff1,Odessa Castillo,2025-10-10,22:35:01,-07:00,2025-10-10T22:35:01-07:00,2,17
style.css,82,css,51cbcff1,Odessa Castillo,2025-10-10,22:35:01,-07:00,2025-10-10T22:35:01-07:00,0,0
style.css,83,css,51cbcff1,Odessa Castillo,2025-10-10,22:35:01,-07:00,2025-10-10T22:35:01-07:00,0,0
style.css,84,css,51cbcff1,Odessa Castillo,2025-10-10,22:35:01,-07:00,2025-10-10T22:35:01-07:00,0,9
style.css,85,css,51cbcff1,Odessa Castillo,2025-10-10,22:35:01,-07:00,2025-10-10T22:35:01-07:00,1,12
style.css,86,css,51cbcff1,Odessa Castillo,2025-10-10,22:35:01,-07:00,2025-10-10T22:35:01-07:00,1,58
style.css,87,css,51cbcff1,Odessa Castillo,2025-10-10,22:35:01,-07:00,2025-10-10T22:35:01-07:00,1,26
style.css,88,css,51cbcff1,Odessa Castillo,2025-10-10,22:35:01,-07:00,2025-10-10T22:35:01-07:00,1,7
style.css,89,css,51cbcff1,Odessa Castillo,2025-10-10,22:35:01,-07:00,2025-10-10T22:35:01-07:00,0,0
style.css,90,css,51cbcff1,Odessa Castillo,2025-10-10,22:35:01,-07:00,2025-10-10T22:35:01-07:00,0,0
style.css,91,css,51cbcff1,Odessa Castillo,2025-10-10,22:35:01,-07:00,2025-10-10T22:35:01-07:00,0,0
style.css,92,css,51cbcff1,Odessa Castillo,2025-10-10,22:35:01,-07:00,2025-10-10T22:35:01-07:00,0,7
style.css,93,css,51cbcff1,Odessa Castillo,2025-10-10,22:35:01,-07:00,2025-10-10T22:35:01-07:00,1,12
style.css,94,css,51cbcff1,Odessa Castillo,2025-10-10,22:35:01,-07:00,2025-10-10T22:35:01-07:00,1,26
style.css,95,css,51cbcff1,Odessa Castillo,2025-10-10,22:35:01,-07:00,2025-10-10T22:35:01-07:00,1,15
style.css,96,css,51cbcff1,Odessa Castillo,2025-10-10,22:35:01,-07:00,2025-10-10T22:35:01-07:00,1,9
style.css,97,css,51cbcff1,Odessa Castillo,2025-10-10,22:35:01,-07:00,2025-10-10T22:35:01-07:00,0,0
style.css,98,css,51cbcff1,Odessa Castillo,2025-10-10,22:35:01,-07:00,2025-10-10T22:35:01-07:00,0,0
style.css,99,css,51cbcff1,Odessa Castillo,2025-10-10,22:35:01,-07:00,2025-10-10T22:35:01-07:00,0,0
style.css,100,css,51cbcff1,Odessa Castillo,2025-10-10,22:35:01,-07:00,2025-10-10T22:35:01-07:00,0,10
style.css,101,css,51cbcff1,Odessa Castillo,2025-10-10,22:35:01,-07:00,2025-10-10T22:35:01-07:00,1,7
style.css,102,css,51cbcff1,Odessa Castillo,2025-10-10,22:35:01,-07:00,2025-10-10T22:35:01-07:00,0,0
style.css,103,css,51cbcff1,Odessa Castillo,2025-10-10,22:35:01,-07:00,2025-10-10T22:35:01-07:00,0,0
style.css,104,css,51cbcff1,Odessa Castillo,2025-10-10,22:35:01,-07:00,2025-10-10T22:35:01-07:00,0,7
style.css,105,css,51cbcff1,Odessa Castillo,2025-10-10,22:35:01,-07:00,2025-10-10T22:35:01-07:00,1,16
style.css,106,css,51cbcff1,Odessa Castillo,2025-10-10,22:35:01,-07:00,2025-10-10T22:35:01-07:00,0,0
style.css,107,css,51cbcff1,Odessa Castillo,2025-10-10,22:35:01,-07:00,2025-10-10T22:35:01-07:00,0,0
style.css,108,css,51cbcff1,Odessa Castillo,2025-10-10,22:35:01,-07:00,2025-10-10T22:35:01-07:00,0,11
style.css,109,css,51cbcff1,Odessa Castillo,2025-10-10,22:35:01,-07:00,2025-10-10T22:35:01-07:00,1,12
style.css,110,css,51cbcff1,Odessa Castillo,2025-10-10,22:35:01,-07:00,2025-10-10T22:35:01-07:00,1,30
style.css,111,css,51cbcff1,Odessa Castillo,2025-10-10,22:35:01,-07:00,2025-10-10T22:35:01-07:00,1,7
style.css,112,css,51cbcff1,Odessa Castillo,2025-10-10,22:35:01,-07:00,2025-10-10T22:35:01-07:00,1,20
style.css,113,css,51cbcff1,Odessa Castillo,2025-10-10,22:35:01,-07:00,2025-10-10T22:35:01-07:00,0,0
style.css,114,css,51cbcff1,Odessa Castillo,2025-10-10,22:35:01,-07:00,2025-10-10T22:35:01-07:00,0,0
style.css,115,css,db03967d,Odessa Castillo,2025-10-10,22:40:54,-07:00,2025-10-10T22:40:54-07:00,0,10
style.css,116,css,db03967d,Odessa Castillo,2025-10-10,22:40:54,-07:00,2025-10-10T22:40:54-07:00,1,8
style.css,117,css,db03967d,Odessa Castillo,2025-10-10,22:40:54,-07:00,2025-10-10T22:40:54-07:00,0,0
style.css,118,css,db03967d,Odessa Castillo,2025-10-10,22:40:54,-07:00,2025-10-10T22:40:54-07:00,0,0
style.css,119,css,db03967d,Odessa Castillo,2025-10-10,22:40:54,-07:00,2025-10-10T22:40:54-07:00,0,10
style.css,120,css,db03967d,Odessa Castillo,2025-10-10,22:40:54,-07:00,2025-10-10T22:40:54-07:00,1,7
style.css,121,css,db03967d,Odessa Castillo,2025-10-10,22:40:54,-07:00,2025-10-10T22:40:54-07:00,0,0
style.css,122,css,db03967d,Odessa Castillo,2025-10-10,22:40:54,-07:00,2025-10-10T22:40:54-07:00,0,0
style.css,123,css,db03967d,Odessa Castillo,2025-10-10,22:40:54,-07:00,2025-10-10T22:40:54-07:00,0,7
style.css,124,css,db03967d,Odessa Castillo,2025-10-10,22:40:54,-07:00,2025-10-10T22:40:54-07:00,1,10
style.css,125,css,db03967d,Odessa Castillo,2025-10-10,22:40:54,-07:00,2025-10-10T22:40:54-07:00,0,0
style.css,126,css,db03967d,Odessa Castillo,2025-10-10,22:40:54,-07:00,2025-10-10T22:40:54-07:00,0,0
style.css,127,css,eb0bc6f4,Odessa Castillo,2025-10-10,22:58:03,-07:00,2025-10-10T22:58:03-07:00,0,9
style.css,128,css,eb0bc6f4,Odessa Castillo,2025-10-10,22:58:03,-07:00,2025-10-10T22:58:03-07:00,1,10
style.css,129,css,eb0bc6f4,Odessa Castillo,2025-10-10,22:58:03,-07:00,2025-10-10T22:58:03-07:00,0,0
style.css,130,css,eb0bc6f4,Odessa Castillo,2025-10-10,22:58:03,-07:00,2025-10-10T22:58:03-07:00,0,0
style.css,131,css,9371de0b,Odessa Castillo,2025-10-17,23:23:09,-07:00,2025-10-17T23:23:09-07:00,0,4
style.css,132,css,9371de0b,Odessa Castillo,2025-10-17,23:23:09,-07:00,2025-10-17T23:23:09-07:00,1,23
style.css,133,css,9371de0b,Odessa Castillo,2025-10-17,23:23:09,-07:00,2025-10-17T23:23:09-07:00,0,0
style.css,134,css,9371de0b,Odessa Castillo,2025-10-17,23:23:09,-07:00,2025-10-17T23:23:09-07:00,0,0
style.css,135,css,9371de0b,Odessa Castillo,2025-10-17,23:23:09,-07:00,2025-10-17T23:23:09-07:00,0,18
style.css,136,css,9371de0b,Odessa Castillo,2025-10-17,23:23:09,-07:00,2025-10-17T23:23:09-07:00,1,17
style.css,137,css,9371de0b,Odessa Castillo,2025-10-17,23:23:09,-07:00,2025-10-17T23:23:09-07:00,1,8
style.css,138,css,9371de0b,Odessa Castillo,2025-10-17,23:23:09,-07:00,2025-10-17T23:23:09-07:00,1,10
style.css,139,css,9371de0b,Odessa Castillo,2025-10-17,23:23:09,-07:00,2025-10-17T23:23:09-07:00,1,13
style.css,140,css,9371de0b,Odessa Castillo,2025-10-17,23:23:09,-07:00,2025-10-17T23:23:09-07:00,1,19
style.css,141,css,9371de0b,Odessa Castillo,2025-10-17,23:23:09,-07:00,2025-10-17T23:23:09-07:00,0,0
style.css,142,css,9371de0b,Odessa Castillo,2025-10-17,23:23:09,-07:00,2025-10-17T23:23:09-07:00,0,0
style.css,143,css,32480db9,Odessa Castillo,2025-10-23,23:56:26,-07:00,2025-10-23T23:56:26-07:00,0,11
style.css,144,css,32480db9,Odessa Castillo,2025-10-23,23:56:26,-07:00,2025-10-23T23:56:26-07:00,1,12
style.css,145,css,32480db9,Odessa Castillo,2025-10-23,23:56:26,-07:00,2025-10-23T23:56:26-07:00,1,36
style.css,146,css,32480db9,Odessa Castillo,2025-10-23,23:56:26,-07:00,2025-10-23T23:56:26-07:00,1,8
style.css,147,css,32480db9,Odessa Castillo,2025-10-23,23:56:26,-07:00,2025-10-23T23:56:26-07:00,0,0
style.css,148,css,32480db9,Odessa Castillo,2025-10-23,23:56:26,-07:00,2025-10-23T23:56:26-07:00,0,0
style.css,149,css,32480db9,Odessa Castillo,2025-10-23,23:56:26,-07:00,2025-10-23T23:56:26-07:00,0,14
style.css,150,css,32480db9,Odessa Castillo,2025-10-23,23:56:26,-07:00,2025-10-23T23:56:26-07:00,1,10
style.css,151,css,32480db9,Odessa Castillo,2025-10-23,23:56:26,-07:00,2025-10-23T23:56:26-07:00,1,16
style.css,152,css,32480db9,Odessa Castillo,2025-10-23,23:56:26,-07:00,2025-10-23T23:56:26-07:00,1,17
style.css,153,css,32480db9,Odessa Castillo,2025-10-23,23:56:26,-07:00,2025-10-23T23:56:26-07:00,0,0
style.css,154,css,9371de0b,Odessa Castillo,2025-10-17,23:23:09,-07:00,2025-10-17T23:23:09-07:00,0,0
style.css,155,css,32480db9,Odessa Castillo,2025-10-23,23:56:26,-07:00,2025-10-23T23:56:26-07:00,0,14
style.css,156,css,32480db9,Odessa Castillo,2025-10-23,23:56:26,-07:00,2025-10-23T23:56:26-07:00,1,10
style.css,157,css,32480db9,Odessa Castillo,2025-10-23,23:56:26,-07:00,2025-10-23T23:56:26-07:00,1,17
style.css,158,css,32480db9,Odessa Castillo,2025-10-23,23:56:26,-07:00,2025-10-23T23:56:26-07:00,0,0
style.css,159,css,32480db9,Odessa Castillo,2025-10-23,23:56:26,-07:00,2025-10-23T23:56:26-07:00,0,0
style.css,160,css,32480db9,Odessa Castillo,2025-10-23,23:56:26,-07:00,2025-10-23T23:56:26-07:00,0,13
style.css,161,css,32480db9,Odessa Castillo,2025-10-23,23:56:26,-07:00,2025-10-23T23:56:26-07:00,1,10
style.css,162,css,32480db9,Odessa Castillo,2025-10-23,23:56:26,-07:00,2025-10-23T23:56:26-07:00,1,11
style.css,163,css,32480db9,Odessa Castillo,2025-10-23,23:56:26,-07:00,2025-10-23T23:56:26-07:00,1,13
style.css,164,css,32480db9,Odessa Castillo,2025-10-23,23:56:26,-07:00,2025-10-23T23:56:26-07:00,0,0
style.css,165,css,9371de0b,Odessa Castillo,2025-10-17,23:23:09,-07:00,2025-10-17T23:23:09-07:00,0,0
style.css,166,css,a46ba8d5,Odessa Castillo,2025-11-01,21:58:18,-07:00,2025-11-01T21:58:18-07:00,0,14
style.css,167,css,a46ba8d5,Odessa Castillo,2025-11-01,21:58:18,-07:00,2025-11-01T21:58:18-07:00,1,23
style.css,168,css,a46ba8d5,Odessa Castillo,2025-11-01,21:58:18,-07:00,2025-11-01T21:58:18-07:00,1,33
style.css,169,css,a46ba8d5,Odessa Castillo,2025-11-01,21:58:18,-07:00,2025-11-01T21:58:18-07:00,0,0
style.css,170,css,a46ba8d5,Odessa Castillo,2025-11-01,21:58:18,-07:00,2025-11-01T21:58:18-07:00,0,0
style.css,171,css,a46ba8d5,Odessa Castillo,2025-11-01,21:58:18,-07:00,2025-11-01T21:58:18-07:00,0,18
style.css,172,css,a46ba8d5,Odessa Castillo,2025-11-01,21:58:18,-07:00,2025-11-01T21:58:18-07:00,1,14
style.css,173,css,a46ba8d5,Odessa Castillo,2025-11-01,21:58:18,-07:00,2025-11-01T21:58:18-07:00,1,16
style.css,174,css,a46ba8d5,Odessa Castillo,2025-11-01,21:58:18,-07:00,2025-11-01T21:58:18-07:00,0,0
style.css,175,css,a46ba8d5,Odessa Castillo,2025-11-01,21:58:18,-07:00,2025-11-01T21:58:18-07:00,1,16
style.css,176,css,a46ba8d5,Odessa Castillo,2025-11-01,21:58:18,-07:00,2025-11-01T21:58:18-07:00,0,0
style.css,177,css,a46ba8d5,Odessa Castillo,2025-11-01,21:58:18,-07:00,2025-11-01T21:58:18-07:00,0,0
style.css,178,css,a46ba8d5,Odessa Castillo,2025-11-01,21:58:18,-07:00,2025-11-01T21:58:18-07:00,0,9
style.css,179,css,a46ba8d5,Odessa Castillo,2025-11-01,21:58:18,-07:00,2025-11-01T21:58:18-07:00,1,12
style.css,180,css,a46ba8d5,Odessa Castillo,2025-11-01,21:58:18,-07:00,2025-11-01T21:58:18-07:00,1,59
style.css,181,css,a46ba8d5,Odessa Castillo,2025-11-01,21:58:18,-07:00,2025-11-01T21:58:18-07:00,1,9
style.css,182,css,a46ba8d5,Odessa Castillo,2025-11-01,21:58:18,-07:00,2025-11-01T21:58:18-07:00,1,15
style.css,183,css,a46ba8d5,Odessa Castillo,2025-11-01,21:58:18,-07:00,2025-11-01T21:58:18-07:00,1,11
style.css,184,css,a46ba8d5,Odessa Castillo,2025-11-01,21:58:18,-07:00,2025-11-01T21:58:18-07:00,1,10
style.css,185,css,a46ba8d5,Odessa Castillo,2025-11-01,21:58:18,-07:00,2025-11-01T21:58:18-07:00,1,39
style.css,186,css,a46ba8d5,Odessa Castillo,2025-11-01,21:58:18,-07:00,2025-11-01T21:58:18-07:00,1,5
style.css,187,css,a46ba8d5,Odessa Castillo,2025-11-01,21:58:18,-07:00,2025-11-01T21:58:18-07:00,0,0
style.css,188,css,a46ba8d5,Odessa Castillo,2025-11-01,21:58:18,-07:00,2025-11-01T21:58:18-07:00,0,0
style.css,189,css,a46ba8d5,Odessa Castillo,2025-11-01,21:58:18,-07:00,2025-11-01T21:58:18-07:00,0,0
style.css,190,css,a46ba8d5,Odessa Castillo,2025-11-01,21:58:18,-07:00,2025-11-01T21:58:18-07:00,0,21
style.css,191,css,a46ba8d5,Odessa Castillo,2025-11-01,21:58:18,-07:00,2025-11-01T21:58:18-07:00,1,12
style.css,192,css,a46ba8d5,Odessa Castillo,2025-11-01,21:58:18,-07:00,2025-11-01T21:58:18-07:00,1,18
style.css,193,css,a46ba8d5,Odessa Castillo,2025-11-01,21:58:18,-07:00,2025-11-01T21:58:18-07:00,1,8
style.css,194,css,a46ba8d5,Odessa Castillo,2025-11-01,21:58:18,-07:00,2025-11-01T21:58:18-07:00,1,0
style.css,195,css,a46ba8d5,Odessa Castillo,2025-11-01,21:58:18,-07:00,2025-11-01T21:58:18-07:00,0,0
style.css,196,css,a46ba8d5,Odessa Castillo,2025-11-01,21:58:18,-07:00,2025-11-01T21:58:18-07:00,0,0
style.css,197,css,a46ba8d5,Odessa Castillo,2025-11-01,21:58:18,-07:00,2025-11-01T21:58:18-07:00,0,17
style.css,198,css,a46ba8d5,Odessa Castillo,2025-11-01,21:58:18,-07:00,2025-11-01T21:58:18-07:00,1,12
style.css,199,css,a46ba8d5,Odessa Castillo,2025-11-01,21:58:18,-07:00,2025-11-01T21:58:18-07:00,1,9
style.css,200,css,a46ba8d5,Odessa Castillo,2025-11-01,21:58:18,-07:00,2025-11-01T21:58:18-07:00,1,10
style.css,201,css,a46ba8d5,Odessa Castillo,2025-11-01,21:58:18,-07:00,2025-11-01T21:58:18-07:00,1,29
style.css,202,css,a46ba8d5,Odessa Castillo,2025-11-01,21:58:18,-07:00,2025-11-01T21:58:18-07:00,1,17
style.css,203,css,a46ba8d5,Odessa Castillo,2025-11-01,21:58:18,-07:00,2025-11-01T21:58:18-07:00,0,0
style.css,204,css,a46ba8d5,Odessa Castillo,2025-11-01,21:58:18,-07:00,2025-11-01T21:58:18-07:00,0,0
style.css,205,css,a46ba8d5,Odessa Castillo,2025-11-01,21:58:18,-07:00,2025-11-01T21:58:18-07:00,0,10
style.css,206,css,a46ba8d5,Odessa Castillo,2025-11-01,21:58:18,-07:00,2025-11-01T21:58:18-07:00,1,11
style.css,207,css,a46ba8d5,Odessa Castillo,2025-11-01,21:58:18,-07:00,2025-11-01T21:58:18-07:00,1,18
style.css,208,css,a46ba8d5,Odessa Castillo,2025-11-01,21:58:18,-07:00,2025-11-01T21:58:18-07:00,1,13
style.css,209,css,a46ba8d5,Odessa Castillo,2025-11-01,21:58:18,-07:00,2025-11-01T21:58:18-07:00,1,0
style.css,210,css,a46ba8d5,Odessa Castillo,2025-11-01,21:58:18,-07:00,2025-11-01T21:58:18-07:00,3,0
style.css,211,css,a46ba8d5,Odessa Castillo,2025-11-01,21:58:18,-07:00,2025-11-01T21:58:18-07:00,0,0
style.css,212,css,a46ba8d5,Odessa Castillo,2025-11-01,21:58:18,-07:00,2025-11-01T21:58:18-07:00,0,0
style.css,213,css,a46ba8d5,Odessa Castillo,2025-11-01,21:58:18,-07:00,2025-11-01T21:58:18-07:00,0,15
style.css,214,css,a46ba8d5,Odessa Castillo,2025-11-01,21:58:18,-07:00,2025-11-01T21:58:18-07:00,1,12
style.css,215,css,a46ba8d5,Odessa Castillo,2025-11-01,21:58:18,-07:00,2025-11-01T21:58:18-07:00,1,13
style.css,216,css,a46ba8d5,Odessa Castillo,2025-11-01,21:58:18,-07:00,2025-11-01T21:58:18-07:00,0,0
style.css,217,css,a46ba8d5,Odessa Castillo,2025-11-01,21:58:18,-07:00,2025-11-01T21:58:18-07:00,0,0
style.css,218,css,a46ba8d5,Odessa Castillo,2025-11-01,21:58:18,-07:00,2025-11-01T21:58:18-07:00,0,19
style.css,219,css,a46ba8d5,Odessa Castillo,2025-11-01,21:58:18,-07:00,2025-11-01T21:58:18-07:00,2,16
style.css,220,css,a46ba8d5,Odessa Castillo,2025-11-01,21:58:18,-07:00,2025-11-01T21:58:18-07:00,2,11
style.css,221,css,a46ba8d5,Odessa Castillo,2025-11-01,21:58:18,-07:00,2025-11-01T21:58:18-07:00,1,0
style.css,222,css,a46ba8d5,Odessa Castillo,2025-11-01,21:58:18,-07:00,2025-11-01T21:58:18-07:00,0,0
style.css,223,css,a46ba8d5,Odessa Castillo,2025-11-01,21:58:18,-07:00,2025-11-01T21:58:18-07:00,0,0
style.css,224,css,a46ba8d5,Odessa Castillo,2025-11-01,21:58:18,-07:00,2025-11-01T21:58:18-07:00,0,4
style.css,225,css,a46ba8d5,Odessa Castillo,2025-11-01,21:58:18,-07:00,2025-11-01T21:58:18-07:00,1,16
style.css,226,css,a46ba8d5,Odessa Castillo,2025-11-01,21:58:18,-07:00,2025-11-01T21:58:18-07:00,1,14
style.css,227,css,a46ba8d5,Odessa Castillo,2025-11-01,21:58:18,-07:00,2025-11-01T21:58:18-07:00,0,0
style.css,228,css,a46ba8d5,Odessa Castillo,2025-11-01,21:58:18,-07:00,2025-11-01T21:58:18-07:00,0,0
style.css,229,css,a46ba8d5,Odessa Castillo,2025-11-01,21:58:18,-07:00,2025-11-01T21:58:18-07:00,0,9
style.css,230,css,a46ba8d5,Odessa Castillo,2025-11-01,21:58:18,-07:00,2025-11-01T21:58:18-07:00,1,35
style.css,231,css,a46ba8d5,Odessa Castillo,2025-11-01,21:58:18,-07:00,2025-11-01T21:58:18-07:00,0,0
style.css,232,css,a46ba8d5,Odessa Castillo,2025-11-01,21:58:18,-07:00,2025-11-01T21:58:18-07:00,1,10
style.css,233,css,a46ba8d5,Odessa Castillo,2025-11-01,21:58:18,-07:00,2025-11-01T21:58:18-07:00,2,17
style.css,234,css,a46ba8d5,Odessa Castillo,2025-11-01,21:58:18,-07:00,2025-11-01T21:58:18-07:00,1,0
style.css,235,css,a46ba8d5,Odessa Castillo,2025-11-01,21:58:18,-07:00,2025-11-01T21:58:18-07:00,0,0
style.css,236,css,a46ba8d5,Odessa Castillo,2025-11-01,21:58:18,-07:00,2025-11-01T21:58:18-07:00,0,0
style.css,237,css,a46ba8d5,Odessa Castillo,2025-11-01,21:58:18,-07:00,2025-11-01T21:58:18-07:00,0,38
style.css,238,css,a46ba8d5,Odessa Castillo,2025-11-01,21:58:18,-07:00,2025-11-01T21:58:18-07:00,1,55
style.css,239,css,a46ba8d5,Odessa Castillo,2025-11-01,21:58:18,-07:00,2025-11-01T21:58:18-07:00,0,0
style.css,240,css,51cbcff1,Odessa Castillo,2025-10-10,22:35:01,-07:00,2025-10-10T22:35:01-07:00,0,0
index.js,1,js,32480db9,Odessa Castillo,2025-10-23,23:56:26,-07:00,2025-10-23T23:56:26-07:00,0,70
index.js,2,js,32480db9,Odessa Castillo,2025-10-23,23:56:26,-07:00,2025-10-23T23:56:26-07:00,0,0
index.js,3,js,32480db9,Odessa Castillo,2025-10-23,23:56:26,-07:00,2025-10-23T23:56:26-07:00,0,54
index.js,4,js,32480db9,Odessa Castillo,2025-10-23,23:56:26,-07:00,2025-10-23T23:56:26-07:00,0,42
index.js,5,js,32480db9,Odessa Castillo,2025-10-23,23:56:26,-07:00,2025-10-23T23:56:26-07:00,0,60
index.js,6,js,32480db9,Odessa Castillo,2025-10-23,23:56:26,-07:00,2025-10-23T23:56:26-07:00,0,54
index.js,7,js,32480db9,Odessa Castillo,2025-10-23,23:56:26,-07:00,2025-10-23T23:56:26-07:00,0,0
index.js,8,js,32480db9,Odessa Castillo,2025-10-23,23:56:26,-07:00,2025-10-23T23:56:26-07:00,0,52
index.js,9,js,32480db9,Odessa Castillo,2025-10-23,23:56:26,-07:00,2025-10-23T23:56:26-07:00,0,60
index.js,10,js,32480db9,Odessa Castillo,2025-10-23,23:56:26,-07:00,2025-10-23T23:56:26-07:00,0,0
index.js,11,js,32480db9,Odessa Castillo,2025-10-23,23:56:26,-07:00,2025-10-23T23:56:26-07:00,0,17
index.js,12,js,32480db9,Odessa Castillo,2025-10-23,23:56:26,-07:00,2025-10-23T23:56:26-07:00,1,24
index.js,13,js,32480db9,Odessa Castillo,2025-10-23,23:56:26,-07:00,2025-10-23T23:56:26-07:00,4,22
index.js,14,js,32480db9,Odessa Castillo,2025-10-23,23:56:26,-07:00,2025-10-23T23:56:26-07:00,5,54
index.js,15,js,32480db9,Odessa Castillo,2025-10-23,23:56:26,-07:00,2025-10-23T23:56:26-07:00,5,54
index.js,16,js,32480db9,Odessa Castillo,2025-10-23,23:56:26,-07:00,2025-10-23T23:56:26-07:00,5,48
index.js,17,js,32480db9,Odessa Castillo,2025-10-23,23:56:26,-07:00,2025-10-23T23:56:26-07:00,5,48
index.js,18,js,32480db9,Odessa Castillo,2025-10-23,23:56:26,-07:00,2025-10-23T23:56:26-07:00,4,3
index.js,19,js,32480db9,Odessa Castillo,2025-10-23,23:56:26,-07:00,2025-10-23T23:56:26-07:00,2,0
index.js,20,js,32480db9,Odessa Castillo,2025-10-23,23:56:26,-07:00,2025-10-23T23:56:26-07:00,0,0
index.html,1,html,af252f30,Odessa Castillo,2025-09-30,23:28:41,-07:00,2025-09-30T23:28:41-07:00,0,13
index.html,2,html,af252f30,Odessa Castillo,2025-09-30,23:28:41,-07:00,2025-09-30T23:28:41-07:00,0,14
index.html,3,html,af252f30,Odessa Castillo,2025-09-30,23:28:41,-07:00,2025-09-30T23:28:41-07:00,0,4
index.html,4,html,af252f30,Odessa Castillo,2025-09-30,23:28:41,-07:00,2025-09-30T23:28:41-07:00,2,20
index.html,5,html,af252f30,Odessa Castillo,2025-09-30,23:28:41,-07:00,2025-09-30T23:28:41-07:00,2,68
index.html,6,html,c98373c7,Odessa Castillo,2025-10-02,22:30:47,-07:00,2025-10-02T22:30:47-07:00,2,38
index.html,7,html,9371de0b,Odessa Castillo,2025-10-17,23:23:09,-07:00,2025-10-17T23:23:09-07:00,2,45
index.html,8,html,32480db9,Odessa Castillo,2025-10-23,23:56:26,-07:00,2025-10-23T23:56:26-07:00,2,50
index.html,9,html,af252f30,Odessa Castillo,2025-09-30,23:28:41,-07:00,2025-09-30T23:28:41-07:00,2,59
index.html,10,html,af252f30,Odessa Castillo,2025-09-30,23:28:41,-07:00,2025-09-30T23:28:41-07:00,0,5
index.html,11,html,af252f30,Odessa Castillo,2025-09-30,23:28:41,-07:00,2025-09-30T23:28:41-07:00,0,4
index.html,12,html,af252f30,Odessa Castillo,2025-09-30,23:28:41,-07:00,2025-09-30T23:28:41-07:00,2,22
index.html,13,html,af252f30,Odessa Castillo,2025-09-30,23:28:41,-07:00,2025-09-30T23:28:41-07:00,2,87
index.html,14,html,6e7c4a3f,Odessa Castillo,2025-10-02,22:03:28,-07:00,2025-10-02T22:03:28-07:00,2,2
index.html,15,html,1383bad9,Odessa Castillo,2025-10-02,22:14:41,-07:00,2025-10-02T22:14:41-07:00,2,23
index.html,16,html,6e7c4a3f,Odessa Castillo,2025-10-02,22:03:28,-07:00,2025-10-02T22:03:28-07:00,2,40
index.html,17,html,32480db9,Odessa Castillo,2025-10-23,23:56:26,-07:00,2025-10-23T23:56:26-07:00,0,0
index.html,18,html,32480db9,Odessa Castillo,2025-10-23,23:56:26,-07:00,2025-10-23T23:56:26-07:00,2,22
index.html,19,html,32480db9,Odessa Castillo,2025-10-23,23:56:26,-07:00,2025-10-23T23:56:26-07:00,2,20
index.html,20,html,32480db9,Odessa Castillo,2025-10-23,23:56:26,-07:00,2025-10-23T23:56:26-07:00,2,49
index.html,21,html,32480db9,Odessa Castillo,2025-10-23,23:56:26,-07:00,2025-10-23T23:56:26-07:00,2,4
index.html,22,html,32480db9,Odessa Castillo,2025-10-23,23:56:26,-07:00,2025-10-23T23:56:26-07:00,2,0
index.html,23,html,32480db9,Odessa Castillo,2025-10-23,23:56:26,-07:00,2025-10-23T23:56:26-07:00,2,20
index.html,24,html,32480db9,Odessa Castillo,2025-10-23,23:56:26,-07:00,2025-10-23T23:56:26-07:00,2,22
index.html,25,html,32480db9,Odessa Castillo,2025-10-23,23:56:26,-07:00,2025-10-23T23:56:26-07:00,0,0
index.html,26,html,32480db9,Odessa Castillo,2025-10-23,23:56:26,-07:00,2025-10-23T23:56:26-07:00,2,4
index.html,27,html,af252f30,Odessa Castillo,2025-09-30,23:28:41,-07:00,2025-09-30T23:28:41-07:00,0,5
index.html,28,html,af252f30,Odessa Castillo,2025-09-30,23:28:41,-07:00,2025-09-30T23:28:41-07:00,0,5
global.js,1,js,9371de0b,Odessa Castillo,2025-10-17,23:23:09,-07:00,2025-10-17T23:23:09-07:00,0,25
global.js,2,js,9371de0b,Odessa Castillo,2025-10-17,23:23:09,-07:00,2025-10-17T23:23:09-07:00,0,0
global.js,3,js,9371de0b,Odessa Castillo,2025-10-17,23:23:09,-07:00,2025-10-17T23:23:09-07:00,0,41
global.js,4,js,9371de0b,Odessa Castillo,2025-10-17,23:23:09,-07:00,2025-10-17T23:23:09-07:00,1,52
global.js,5,js,9371de0b,Odessa Castillo,2025-10-17,23:23:09,-07:00,2025-10-17T23:23:09-07:00,0,0
global.js,6,js,9371de0b,Odessa Castillo,2025-10-17,23:23:09,-07:00,2025-10-17T23:23:09-07:00,0,0
global.js,7,js,9371de0b,Odessa Castillo,2025-10-17,23:23:09,-07:00,2025-10-17T23:23:09-07:00,0,24
global.js,8,js,9371de0b,Odessa Castillo,2025-10-17,23:23:09,-07:00,2025-10-17T23:23:09-07:00,0,0
global.js,9,js,9371de0b,Odessa Castillo,2025-10-17,23:23:09,-07:00,2025-10-17T23:23:09-07:00,0,33
global.js,10,js,9371de0b,Odessa Castillo,2025-10-17,23:23:09,-07:00,2025-10-17T23:23:09-07:00,0,71
global.js,11,js,9371de0b,Odessa Castillo,2025-10-17,23:23:09,-07:00,2025-10-17T23:23:09-07:00,0,3
global.js,12,js,9371de0b,Odessa Castillo,2025-10-17,23:23:09,-07:00,2025-10-17T23:23:09-07:00,0,0
global.js,13,js,9371de0b,Odessa Castillo,2025-10-17,23:23:09,-07:00,2025-10-17T23:23:09-07:00,0,38
global.js,14,js,9371de0b,Odessa Castillo,2025-10-17,23:23:09,-07:00,2025-10-17T23:23:09-07:00,0,0
global.js,15,js,9371de0b,Odessa Castillo,2025-10-17,23:23:09,-07:00,2025-10-17T23:23:09-07:00,0,19
global.js,16,js,9371de0b,Odessa Castillo,2025-10-17,23:23:09,-07:00,2025-10-17T23:23:09-07:00,0,39
global.js,17,js,9371de0b,Odessa Castillo,2025-10-17,23:23:09,-07:00,2025-10-17T23:23:09-07:00,0,41
global.js,18,js,9371de0b,Odessa Castillo,2025-10-17,23:23:09,-07:00,2025-10-17T23:23:09-07:00,0,2
global.js,19,js,9371de0b,Odessa Castillo,2025-10-17,23:23:09,-07:00,2025-10-17T23:23:09-07:00,0,0
global.js,20,js,9371de0b,Odessa Castillo,2025-10-17,23:23:09,-07:00,2025-10-17T23:23:09-07:00,0,15
global.js,21,js,9371de0b,Odessa Castillo,2025-10-17,23:23:09,-07:00,2025-10-17T23:23:09-07:00,1,70
global.js,22,js,9371de0b,Odessa Castillo,2025-10-17,23:23:09,-07:00,2025-10-17T23:23:09-07:00,2,3
global.js,23,js,9371de0b,Odessa Castillo,2025-10-17,23:23:09,-07:00,2025-10-17T23:23:09-07:00,2,14
global.js,24,js,9371de0b,Odessa Castillo,2025-10-17,23:23:09,-07:00,2025-10-17T23:23:09-07:00,0,0
global.js,25,js,9371de0b,Odessa Castillo,2025-10-17,23:23:09,-07:00,2025-10-17T23:23:09-07:00,0,11
global.js,26,js,9371de0b,Odessa Castillo,2025-10-17,23:23:09,-07:00,2025-10-17T23:23:09-07:00,1,25
global.js,27,js,9371de0b,Odessa Castillo,2025-10-17,23:23:09,-07:00,2025-10-17T23:23:09-07:00,1,38
global.js,28,js,9371de0b,Odessa Castillo,2025-10-17,23:23:09,-07:00,2025-10-17T23:23:09-07:00,1,36
global.js,29,js,9371de0b,Odessa Castillo,2025-10-17,23:23:09,-07:00,2025-10-17T23:23:09-07:00,1,33
global.js,30,js,9371de0b,Odessa Castillo,2025-10-17,23:23:09,-07:00,2025-10-17T23:23:09-07:00,0,0
global.js,31,js,9371de0b,Odessa Castillo,2025-10-17,23:23:09,-07:00,2025-10-17T23:23:09-07:00,0,0
global.js,32,js,9371de0b,Odessa Castillo,2025-10-17,23:23:09,-07:00,2025-10-17T23:23:09-07:00,0,38
global.js,33,js,9371de0b,Odessa Castillo,2025-10-17,23:23:09,-07:00,2025-10-17T23:23:09-07:00,0,25
global.js,34,js,9371de0b,Odessa Castillo,2025-10-17,23:23:09,-07:00,2025-10-17T23:23:09-07:00,0,0
global.js,35,js,9371de0b,Odessa Castillo,2025-10-17,23:23:09,-07:00,2025-10-17T23:23:09-07:00,0,20
global.js,36,js,9371de0b,Odessa Castillo,2025-10-17,23:23:09,-07:00,2025-10-17T23:23:09-07:00,1,61
global.js,37,js,9371de0b,Odessa Castillo,2025-10-17,23:23:09,-07:00,2025-10-17T23:23:09-07:00,1,34
global.js,38,js,9371de0b,Odessa Castillo,2025-10-17,23:23:09,-07:00,2025-10-17T23:23:09-07:00,2,11
global.js,39,js,9371de0b,Odessa Castillo,2025-10-17,23:23:09,-07:00,2025-10-17T23:23:09-07:00,2,22
global.js,40,js,9371de0b,Odessa Castillo,2025-10-17,23:23:09,-07:00,2025-10-17T23:23:09-07:00,2,12
global.js,41,js,9371de0b,Odessa Castillo,2025-10-17,23:23:09,-07:00,2025-10-17T23:23:09-07:00,0,0
global.js,42,js,9371de0b,Odessa Castillo,2025-10-17,23:23:09,-07:00,2025-10-17T23:23:09-07:00,2,27
global.js,43,js,9371de0b,Odessa Castillo,2025-10-17,23:23:09,-07:00,2025-10-17T23:23:09-07:00,2,59
global.js,44,js,9371de0b,Odessa Castillo,2025-10-17,23:23:09,-07:00,2025-10-17T23:23:09-07:00,2,0
global.js,45,js,9371de0b,Odessa Castillo,2025-10-17,23:23:09,-07:00,2025-10-17T23:23:09-07:00,2,45
global.js,46,js,9371de0b,Odessa Castillo,2025-10-17,23:23:09,-07:00,2025-10-17T23:23:09-07:00,0,0
global.js,47,js,9371de0b,Odessa Castillo,2025-10-17,23:23:09,-07:00,2025-10-17T23:23:09-07:00,0,0
global.js,48,js,9371de0b,Odessa Castillo,2025-10-17,23:23:09,-07:00,2025-10-17T23:23:09-07:00,0,0
global.js,49,js,9371de0b,Odessa Castillo,2025-10-17,23:23:09,-07:00,2025-10-17T23:23:09-07:00,0,31
global.js,50,js,9371de0b,Odessa Castillo,2025-10-17,23:23:09,-07:00,2025-10-17T23:23:09-07:00,1,11
global.js,51,js,9371de0b,Odessa Castillo,2025-10-17,23:23:09,-07:00,2025-10-17T23:23:09-07:00,1,0
global.js,52,js,9371de0b,Odessa Castillo,2025-10-17,23:23:09,-07:00,2025-10-17T23:23:09-07:00,0,26
global.js,53,js,9371de0b,Odessa Castillo,2025-10-17,23:23:09,-07:00,2025-10-17T23:23:09-07:00,0,4
global.js,54,js,9371de0b,Odessa Castillo,2025-10-17,23:23:09,-07:00,2025-10-17T23:23:09-07:00,0,6
global.js,55,js,9371de0b,Odessa Castillo,2025-10-17,23:23:09,-07:00,2025-10-17T23:23:09-07:00,0,43
global.js,56,js,9371de0b,Odessa Castillo,2025-10-17,23:23:09,-07:00,2025-10-17T23:23:09-07:00,6,34
global.js,57,js,9371de0b,Odessa Castillo,2025-10-17,23:23:09,-07:00,2025-10-17T23:23:09-07:00,6,32
global.js,58,js,9371de0b,Odessa Castillo,2025-10-17,23:23:09,-07:00,2025-10-17T23:23:09-07:00,0,7
global.js,59,js,9371de0b,Odessa Castillo,2025-10-17,23:23:09,-07:00,2025-10-17T23:23:09-07:00,0,8
global.js,60,js,9371de0b,Odessa Castillo,2025-10-17,23:23:09,-07:00,2025-10-17T23:23:09-07:00,0,0
global.js,61,js,9371de0b,Odessa Castillo,2025-10-17,23:23:09,-07:00,2025-10-17T23:23:09-07:00,0,0
global.js,62,js,9371de0b,Odessa Castillo,2025-10-17,23:23:09,-07:00,2025-10-17T23:23:09-07:00,0,49
global.js,63,js,9371de0b,Odessa Castillo,2025-10-17,23:23:09,-07:00,2025-10-17T23:23:09-07:00,0,0
global.js,64,js,9371de0b,Odessa Castillo,2025-10-17,23:23:09,-07:00,2025-10-17T23:23:09-07:00,0,60
global.js,65,js,9371de0b,Odessa Castillo,2025-10-17,23:23:09,-07:00,2025-10-17T23:23:09-07:00,0,0
global.js,66,js,9371de0b,Odessa Castillo,2025-10-17,23:23:09,-07:00,2025-10-17T23:23:09-07:00,0,34
global.js,67,js,9371de0b,Odessa Castillo,2025-10-17,23:23:09,-07:00,2025-10-17T23:23:09-07:00,2,43
global.js,68,js,9371de0b,Odessa Castillo,2025-10-17,23:23:09,-07:00,2025-10-17T23:23:09-07:00,2,70
global.js,69,js,9371de0b,Odessa Castillo,2025-10-17,23:23:09,-07:00,2025-10-17T23:23:09-07:00,2,25
global.js,70,js,9371de0b,Odessa Castillo,2025-10-17,23:23:09,-07:00,2025-10-17T23:23:09-07:00,1,0
global.js,71,js,9371de0b,Odessa Castillo,2025-10-17,23:23:09,-07:00,2025-10-17T23:23:09-07:00,0,0
global.js,72,js,9371de0b,Odessa Castillo,2025-10-17,23:23:09,-07:00,2025-10-17T23:23:09-07:00,0,49
global.js,73,js,9371de0b,Odessa Castillo,2025-10-17,23:23:09,-07:00,2025-10-17T23:23:09-07:00,1,57
global.js,74,js,9371de0b,Odessa Castillo,2025-10-17,23:23:09,-07:00,2025-10-17T23:23:09-07:00,1,44
global.js,75,js,9371de0b,Odessa Castillo,2025-10-17,23:23:09,-07:00,2025-10-17T23:23:09-07:00,1,77
global.js,76,js,9371de0b,Odessa Castillo,2025-10-17,23:23:09,-07:00,2025-10-17T23:23:09-07:00,0,0
global.js,77,js,9371de0b,Odessa Castillo,2025-10-17,23:23:09,-07:00,2025-10-17T23:23:09-07:00,1,34
global.js,78,js,9371de0b,Odessa Castillo,2025-10-17,23:23:09,-07:00,2025-10-17T23:23:09-07:00,2,43
global.js,79,js,9371de0b,Odessa Castillo,2025-10-17,23:23:09,-07:00,2025-10-17T23:23:09-07:00,2,70
global.js,80,js,9371de0b,Odessa Castillo,2025-10-17,23:23:09,-07:00,2025-10-17T23:23:09-07:00,2,25
global.js,81,js,9371de0b,Odessa Castillo,2025-10-17,23:23:09,-07:00,2025-10-17T23:23:09-07:00,1,0
global.js,82,js,9371de0b,Odessa Castillo,2025-10-17,23:23:09,-07:00,2025-10-17T23:23:09-07:00,0,1
global.js,83,js,9371de0b,Odessa Castillo,2025-10-17,23:23:09,-07:00,2025-10-17T23:23:09-07:00,0,0
global.js,84,js,32480db9,Odessa Castillo,2025-10-23,23:56:26,-07:00,2025-10-23T23:56:26-07:00,0,36
global.js,85,js,32480db9,Odessa Castillo,2025-10-23,23:56:26,-07:00,2025-10-23T23:56:26-07:00,1,3
global.js,86,js,32480db9,Odessa Castillo,2025-10-23,23:56:26,-07:00,2025-10-23T23:56:26-07:00,2,39
global.js,87,js,32480db9,Odessa Castillo,2025-10-23,23:56:26,-07:00,2025-10-23T23:56:26-07:00,2,32
global.js,88,js,32480db9,Odessa Castillo,2025-10-23,23:56:26,-07:00,2025-10-23T23:56:26-07:00,2,17
global.js,89,js,32480db9,Odessa Castillo,2025-10-23,23:56:26,-07:00,2025-10-23T23:56:26-07:00,3,66
global.js,90,js,32480db9,Odessa Castillo,2025-10-23,23:56:26,-07:00,2025-10-23T23:56:26-07:00,2,0
global.js,91,js,32480db9,Odessa Castillo,2025-10-23,23:56:26,-07:00,2025-10-23T23:56:26-07:00,2,33
global.js,92,js,32480db9,Odessa Castillo,2025-10-23,23:56:26,-07:00,2025-10-23T23:56:26-07:00,2,10
global.js,93,js,32480db9,Odessa Castillo,2025-10-23,23:56:26,-07:00,2025-10-23T23:56:26-07:00,1,0
global.js,94,js,32480db9,Odessa Castillo,2025-10-23,23:56:26,-07:00,2025-10-23T23:56:26-07:00,1,13
global.js,95,js,32480db9,Odessa Castillo,2025-10-23,23:56:26,-07:00,2025-10-23T23:56:26-07:00,2,59
global.js,96,js,32480db9,Odessa Castillo,2025-10-23,23:56:26,-07:00,2025-10-23T23:56:26-07:00,1,0
global.js,97,js,32480db9,Odessa Castillo,2025-10-23,23:56:26,-07:00,2025-10-23T23:56:26-07:00,0,0
global.js,98,js,32480db9,Odessa Castillo,2025-10-23,23:56:26,-07:00,2025-10-23T23:56:26-07:00,0,0
global.js,99,js,32480db9,Odessa Castillo,2025-10-23,23:56:26,-07:00,2025-10-23T23:56:26-07:00,0,79
global.js,100,js,32480db9,Odessa Castillo,2025-10-23,23:56:26,-07:00,2025-10-23T23:56:26-07:00,1,30
global.js,101,js,32480db9,Odessa Castillo,2025-10-23,23:56:26,-07:00,2025-10-23T23:56:26-07:00,1,27
global.js,102,js,32480db9,Odessa Castillo,2025-10-23,23:56:26,-07:00,2025-10-23T23:56:26-07:00,3,55
global.js,103,js,32480db9,Odessa Castillo,2025-10-23,23:56:26,-07:00,2025-10-23T23:56:26-07:00,3,38
global.js,104,js,32480db9,Odessa Castillo,2025-10-23,23:56:26,-07:00,2025-10-23T23:56:26-07:00,3,48
global.js,105,js,a46ba8d5,Odessa Castillo,2025-11-01,21:58:18,-07:00,2025-11-01T21:58:18-07:00,3,31
global.js,106,js,32480db9,Odessa Castillo,2025-10-23,23:56:26,-07:00,2025-10-23T23:56:26-07:00,3,19
global.js,107,js,32480db9,Odessa Castillo,2025-10-23,23:56:26,-07:00,2025-10-23T23:56:26-07:00,4,23
global.js,108,js,32480db9,Odessa Castillo,2025-10-23,23:56:26,-07:00,2025-10-23T23:56:26-07:00,4,49
global.js,109,js,a46ba8d5,Odessa Castillo,2025-11-01,21:58:18,-07:00,2025-11-01T21:58:18-07:00,4,3
global.js,110,js,a46ba8d5,Odessa Castillo,2025-11-01,21:58:18,-07:00,2025-11-01T21:58:18-07:00,5,28
global.js,111,js,a46ba8d5,Odessa Castillo,2025-11-01,21:58:18,-07:00,2025-11-01T21:58:18-07:00,5,45
global.js,112,js,a46ba8d5,Odessa Castillo,2025-11-01,21:58:18,-07:00,2025-11-01T21:58:18-07:00,4,4
global.js,113,js,a46ba8d5,Odessa Castillo,2025-11-01,21:58:18,-07:00,2025-11-01T21:58:18-07:00,4,0
global.js,114,js,32480db9,Odessa Castillo,2025-10-23,23:56:26,-07:00,2025-10-23T23:56:26-07:00,2,0
global.js,115,js,32480db9,Odessa Castillo,2025-10-23,23:56:26,-07:00,2025-10-23T23:56:26-07:00,3,36
global.js,116,js,32480db9,Odessa Castillo,2025-10-23,23:56:26,-07:00,2025-10-23T23:56:26-07:00,3,1
global.js,117,js,32480db9,Odessa Castillo,2025-10-23,23:56:26,-07:00,2025-10-23T23:56:26-07:00,2,0
global.js,118,js,32480db9,Odessa Castillo,2025-10-23,23:56:26,-07:00,2025-10-23T23:56:26-07:00,0,0
global.js,119,js,32480db9,Odessa Castillo,2025-10-23,23:56:26,-07:00,2025-10-23T23:56:26-07:00,0,0
global.js,120,js,32480db9,Odessa Castillo,2025-10-23,23:56:26,-07:00,2025-10-23T23:56:26-07:00,0,47
global.js,121,js,32480db9,Odessa Castillo,2025-10-23,23:56:26,-07:00,2025-10-23T23:56:26-07:00,1,59
global.js,122,js,32480db9,Odessa Castillo,2025-10-23,23:56:26,-07:00,2025-10-23T23:56:26-07:00,0,0
global.js,123,js,9371de0b,Odessa Castillo,2025-10-17,23:23:09,-07:00,2025-10-17T23:23:09-07:00,0,0
resume\index.html,1,html,6e7c4a3f,Odessa Castillo,2025-10-02,22:03:28,-07:00,2025-10-02T22:03:28-07:00,0,13
resume\index.html,2,html,6e7c4a3f,Odessa Castillo,2025-10-02,22:03:28,-07:00,2025-10-02T22:03:28-07:00,0,14
resume\index.html,3,html,6e7c4a3f,Odessa Castillo,2025-10-02,22:03:28,-07:00,2025-10-02T22:03:28-07:00,0,4
resume\index.html,4,html,6e7c4a3f,Odessa Castillo,2025-10-02,22:03:28,-07:00,2025-10-02T22:03:28-07:00,2,20
resume\index.html,5,html,6e7c4a3f,Odessa Castillo,2025-10-02,22:03:28,-07:00,2025-10-02T22:03:28-07:00,2,68
resume\index.html,6,html,a27e80f5,Odessa Castillo,2025-10-02,22:24:50,-07:00,2025-10-02T22:24:50-07:00,2,41
resume\index.html,7,html,6e7c4a3f,Odessa Castillo,2025-10-02,22:03:28,-07:00,2025-10-02T22:03:28-07:00,2,21
resume\index.html,8,html,6e7c4a3f,Odessa Castillo,2025-10-02,22:03:28,-07:00,2025-10-02T22:03:28-07:00,0,5
resume\index.html,9,html,6e7c4a3f,Odessa Castillo,2025-10-02,22:03:28,-07:00,2025-10-02T22:03:28-07:00,0,4
resume\index.html,10,html,6e7c4a3f,Odessa Castillo,2025-10-02,22:03:28,-07:00,2025-10-02T22:03:28-07:00,2,16
resume\index.html,11,html,db03967d,Odessa Castillo,2025-10-10,22:40:54,-07:00,2025-10-10T22:40:54-07:00,2,7
resume\index.html,12,html,417d2114,Odessa Castillo,2025-10-10,22:41:46,-07:00,2025-10-10T22:41:46-07:00,4,16
resume\index.html,13,html,250e7c30,Odessa Castillo,2025-10-10,22:42:56,-07:00,2025-10-10T22:42:56-07:00,4,21
resume\index.html,14,html,250e7c30,Odessa Castillo,2025-10-10,22:42:56,-07:00,2025-10-10T22:42:56-07:00,8,22
resume\index.html,15,html,250e7c30,Odessa Castillo,2025-10-10,22:42:56,-07:00,2025-10-10T22:42:56-07:00,10,56
resume\index.html,16,html,f0a5c61b,Odessa Castillo,2025-10-10,22:44:41,-07:00,2025-10-10T22:44:41-07:00,10,88
resume\index.html,17,html,250e7c30,Odessa Castillo,2025-10-10,22:42:56,-07:00,2025-10-10T22:42:56-07:00,8,4
resume\index.html,18,html,db03967d,Odessa Castillo,2025-10-10,22:40:54,-07:00,2025-10-10T22:40:54-07:00,8,73
resume\index.html,19,html,db03967d,Odessa Castillo,2025-10-10,22:40:54,-07:00,2025-10-10T22:40:54-07:00,10,52
resume\index.html,20,html,db03967d,Odessa Castillo,2025-10-10,22:40:54,-07:00,2025-10-10T22:40:54-07:00,4,8
resume\index.html,21,html,db03967d,Odessa Castillo,2025-10-10,22:40:54,-07:00,2025-10-10T22:40:54-07:00,2,8
resume\index.html,22,html,6e7c4a3f,Odessa Castillo,2025-10-02,22:03:28,-07:00,2025-10-02T22:03:28-07:00,2,7
resume\index.html,23,html,6e7c4a3f,Odessa Castillo,2025-10-02,22:03:28,-07:00,2025-10-02T22:03:28-07:00,4,22
resume\index.html,24,html,51cbcff1,Odessa Castillo,2025-10-10,22:35:01,-07:00,2025-10-10T22:35:01-07:00,4,21
resume\index.html,25,html,db03967d,Odessa Castillo,2025-10-10,22:40:54,-07:00,2025-10-10T22:40:54-07:00,6,22
resume\index.html,26,html,51cbcff1,Odessa Castillo,2025-10-10,22:35:01,-07:00,2025-10-10T22:35:01-07:00,8,113
resume\index.html,27,html,51cbcff1,Odessa Castillo,2025-10-10,22:35:01,-07:00,2025-10-10T22:35:01-07:00,6,4
resume\index.html,28,html,6e7c4a3f,Odessa Castillo,2025-10-02,22:03:28,-07:00,2025-10-02T22:03:28-07:00,6,21
resume\index.html,29,html,aadf2d41,Odessa Castillo,2025-10-10,22:50:00,-07:00,2025-10-10T22:50:00-07:00,8,20
resume\index.html,30,html,aadf2d41,Odessa Castillo,2025-10-10,22:50:00,-07:00,2025-10-10T22:50:00-07:00,10,123
resume\index.html,31,html,aadf2d41,Odessa Castillo,2025-10-10,22:50:00,-07:00,2025-10-10T22:50:00-07:00,8,4
resume\index.html,32,html,aadf2d41,Odessa Castillo,2025-10-10,22:50:00,-07:00,2025-10-10T22:50:00-07:00,6,8
resume\index.html,33,html,6e7c4a3f,Odessa Castillo,2025-10-02,22:03:28,-07:00,2025-10-02T22:03:28-07:00,0,0
resume\index.html,34,html,51cbcff1,Odessa Castillo,2025-10-10,22:35:01,-07:00,2025-10-10T22:35:01-07:00,4,21
resume\index.html,35,html,db03967d,Odessa Castillo,2025-10-10,22:40:54,-07:00,2025-10-10T22:40:54-07:00,6,22
resume\index.html,36,html,51cbcff1,Odessa Castillo,2025-10-10,22:35:01,-07:00,2025-10-10T22:35:01-07:00,8,123
resume\index.html,37,html,51cbcff1,Odessa Castillo,2025-10-10,22:35:01,-07:00,2025-10-10T22:35:01-07:00,6,4
resume\index.html,38,html,aadf2d41,Odessa Castillo,2025-10-10,22:50:00,-07:00,2025-10-10T22:50:00-07:00,6,20
resume\index.html,39,html,aadf2d41,Odessa Castillo,2025-10-10,22:50:00,-07:00,2025-10-10T22:50:00-07:00,8,112
resume\index.html,40,html,6e7c4a3f,Odessa Castillo,2025-10-02,22:03:28,-07:00,2025-10-02T22:03:28-07:00,0,73
resume\index.html,41,html,aadf2d41,Odessa Castillo,2025-10-10,22:50:00,-07:00,2025-10-10T22:50:00-07:00,6,4
resume\index.html,42,html,6e7c4a3f,Odessa Castillo,2025-10-02,22:03:28,-07:00,2025-10-02T22:03:28-07:00,4,8
resume\index.html,43,html,6e7c4a3f,Odessa Castillo,2025-10-02,22:03:28,-07:00,2025-10-02T22:03:28-07:00,0,0
resume\index.html,44,html,51cbcff1,Odessa Castillo,2025-10-10,22:35:01,-07:00,2025-10-10T22:35:01-07:00,4,21
resume\index.html,45,html,db03967d,Odessa Castillo,2025-10-10,22:40:54,-07:00,2025-10-10T22:40:54-07:00,6,22
resume\index.html,46,html,51cbcff1,Odessa Castillo,2025-10-10,22:35:01,-07:00,2025-10-10T22:35:01-07:00,8,136
resume\index.html,47,html,51cbcff1,Odessa Castillo,2025-10-10,22:35:01,-07:00,2025-10-10T22:35:01-07:00,6,4
resume\index.html,48,html,6e7c4a3f,Odessa Castillo,2025-10-02,22:03:28,-07:00,2025-10-02T22:03:28-07:00,6,13
resume\index.html,49,html,aadf2d41,Odessa Castillo,2025-10-10,22:50:00,-07:00,2025-10-10T22:50:00-07:00,6,20
resume\index.html,50,html,6e7c4a3f,Odessa Castillo,2025-10-02,22:03:28,-07:00,2025-10-02T22:03:28-07:00,8,88
resume\index.html,51,html,6e7c4a3f,Odessa Castillo,2025-10-02,22:03:28,-07:00,2025-10-02T22:03:28-07:00,0,114
resume\index.html,52,html,6e7c4a3f,Odessa Castillo,2025-10-02,22:03:28,-07:00,2025-10-02T22:03:28-07:00,0,112
resume\index.html,53,html,6e7c4a3f,Odessa Castillo,2025-10-02,22:03:28,-07:00,2025-10-02T22:03:28-07:00,0,57
resume\index.html,54,html,aadf2d41,Odessa Castillo,2025-10-10,22:50:00,-07:00,2025-10-10T22:50:00-07:00,6,4
resume\index.html,55,html,6e7c4a3f,Odessa Castillo,2025-10-02,22:03:28,-07:00,2025-10-02T22:03:28-07:00,4,8
resume\index.html,56,html,6e7c4a3f,Odessa Castillo,2025-10-02,22:03:28,-07:00,2025-10-02T22:03:28-07:00,0,0
resume\index.html,57,html,51cbcff1,Odessa Castillo,2025-10-10,22:35:01,-07:00,2025-10-10T22:35:01-07:00,4,21
resume\index.html,58,html,db03967d,Odessa Castillo,2025-10-10,22:40:54,-07:00,2025-10-10T22:40:54-07:00,6,22
resume\index.html,59,html,51cbcff1,Odessa Castillo,2025-10-10,22:35:01,-07:00,2025-10-10T22:35:01-07:00,8,126
resume\index.html,60,html,51cbcff1,Odessa Castillo,2025-10-10,22:35:01,-07:00,2025-10-10T22:35:01-07:00,6,4
resume\index.html,61,html,6e7c4a3f,Odessa Castillo,2025-10-02,22:03:28,-07:00,2025-10-02T22:03:28-07:00,6,16
resume\index.html,62,html,aadf2d41,Odessa Castillo,2025-10-10,22:50:00,-07:00,2025-10-10T22:50:00-07:00,6,20
resume\index.html,63,html,6e7c4a3f,Odessa Castillo,2025-10-02,22:03:28,-07:00,2025-10-02T22:03:28-07:00,8,111
resume\index.html,64,html,6e7c4a3f,Odessa Castillo,2025-10-02,22:03:28,-07:00,2025-10-02T22:03:28-07:00,0,117
resume\index.html,65,html,6e7c4a3f,Odessa Castillo,2025-10-02,22:03:28,-07:00,2025-10-02T22:03:28-07:00,0,118
resume\index.html,66,html,6e7c4a3f,Odessa Castillo,2025-10-02,22:03:28,-07:00,2025-10-02T22:03:28-07:00,0,66
resume\index.html,67,html,6e7c4a3f,Odessa Castillo,2025-10-02,22:03:28,-07:00,2025-10-02T22:03:28-07:00,0,2
resume\index.html,68,html,aadf2d41,Odessa Castillo,2025-10-10,22:50:00,-07:00,2025-10-10T22:50:00-07:00,6,4
resume\index.html,69,html,6e7c4a3f,Odessa Castillo,2025-10-02,22:03:28,-07:00,2025-10-02T22:03:28-07:00,4,8
resume\index.html,70,html,51cbcff1,Odessa Castillo,2025-10-10,22:35:01,-07:00,2025-10-10T22:35:01-07:00,4,21
resume\index.html,71,html,db03967d,Odessa Castillo,2025-10-10,22:40:54,-07:00,2025-10-10T22:40:54-07:00,6,22
resume\index.html,72,html,51cbcff1,Odessa Castillo,2025-10-10,22:35:01,-07:00,2025-10-10T22:35:01-07:00,8,132
resume\index.html,73,html,51cbcff1,Odessa Castillo,2025-10-10,22:35:01,-07:00,2025-10-10T22:35:01-07:00,6,4
resume\index.html,74,html,6e7c4a3f,Odessa Castillo,2025-10-02,22:03:28,-07:00,2025-10-02T22:03:28-07:00,6,11
resume\index.html,75,html,aadf2d41,Odessa Castillo,2025-10-10,22:50:00,-07:00,2025-10-10T22:50:00-07:00,6,20
resume\index.html,76,html,6e7c4a3f,Odessa Castillo,2025-10-02,22:03:28,-07:00,2025-10-02T22:03:28-07:00,8,89
resume\index.html,77,html,6e7c4a3f,Odessa Castillo,2025-10-02,22:03:28,-07:00,2025-10-02T22:03:28-07:00,0,116
resume\index.html,78,html,6e7c4a3f,Odessa Castillo,2025-10-02,22:03:28,-07:00,2025-10-02T22:03:28-07:00,0,95
resume\index.html,79,html,6e7c4a3f,Odessa Castillo,2025-10-02,22:03:28,-07:00,2025-10-02T22:03:28-07:00,0,2
resume\index.html,80,html,aadf2d41,Odessa Castillo,2025-10-10,22:50:00,-07:00,2025-10-10T22:50:00-07:00,6,4
resume\index.html,81,html,6e7c4a3f,Odessa Castillo,2025-10-02,22:03:28,-07:00,2025-10-02T22:03:28-07:00,4,8
resume\index.html,82,html,6e7c4a3f,Odessa Castillo,2025-10-02,22:03:28,-07:00,2025-10-02T22:03:28-07:00,2,8
resume\index.html,83,html,6e7c4a3f,Odessa Castillo,2025-10-02,22:03:28,-07:00,2025-10-02T22:03:28-07:00,0,0
resume\index.html,84,html,6e7c4a3f,Odessa Castillo,2025-10-02,22:03:28,-07:00,2025-10-02T22:03:28-07:00,2,7
resume\index.html,85,html,6e7c4a3f,Odessa Castillo,2025-10-02,22:03:28,-07:00,2025-10-02T22:03:28-07:00,4,28
resume\index.html,86,html,51cbcff1,Odessa Castillo,2025-10-10,22:35:01,-07:00,2025-10-10T22:35:01-07:00,4,21
resume\index.html,87,html,db03967d,Odessa Castillo,2025-10-10,22:40:54,-07:00,2025-10-10T22:40:54-07:00,6,22
resume\index.html,88,html,51cbcff1,Odessa Castillo,2025-10-10,22:35:01,-07:00,2025-10-10T22:35:01-07:00,8,154
resume\index.html,89,html,51cbcff1,Odessa Castillo,2025-10-10,22:35:01,-07:00,2025-10-10T22:35:01-07:00,6,4
resume\index.html,90,html,6e7c4a3f,Odessa Castillo,2025-10-02,22:03:28,-07:00,2025-10-02T22:03:28-07:00,6,9
resume\index.html,91,html,aadf2d41,Odessa Castillo,2025-10-10,22:50:00,-07:00,2025-10-10T22:50:00-07:00,6,20
resume\index.html,92,html,6e7c4a3f,Odessa Castillo,2025-10-02,22:03:28,-07:00,2025-10-02T22:03:28-07:00,8,116
resume\index.html,93,html,6e7c4a3f,Odessa Castillo,2025-10-02,22:03:28,-07:00,2025-10-02T22:03:28-07:00,0,110
resume\index.html,94,html,6e7c4a3f,Odessa Castillo,2025-10-02,22:03:28,-07:00,2025-10-02T22:03:28-07:00,0,74
resume\index.html,95,html,6e7c4a3f,Odessa Castillo,2025-10-02,22:03:28,-07:00,2025-10-02T22:03:28-07:00,0,2
resume\index.html,96,html,aadf2d41,Odessa Castillo,2025-10-10,22:50:00,-07:00,2025-10-10T22:50:00-07:00,6,4
resume\index.html,97,html,6e7c4a3f,Odessa Castillo,2025-10-02,22:03:28,-07:00,2025-10-02T22:03:28-07:00,4,8
resume\index.html,98,html,51cbcff1,Odessa Castillo,2025-10-10,22:35:01,-07:00,2025-10-10T22:35:01-07:00,4,21
resume\index.html,99,html,db03967d,Odessa Castillo,2025-10-10,22:40:54,-07:00,2025-10-10T22:40:54-07:00,6,22
resume\index.html,100,html,51cbcff1,Odessa Castillo,2025-10-10,22:35:01,-07:00,2025-10-10T22:35:01-07:00,8,115
resume\index.html,101,html,51cbcff1,Odessa Castillo,2025-10-10,22:35:01,-07:00,2025-10-10T22:35:01-07:00,6,4
resume\index.html,102,html,6e7c4a3f,Odessa Castillo,2025-10-02,22:03:28,-07:00,2025-10-02T22:03:28-07:00,6,9
resume\index.html,103,html,aadf2d41,Odessa Castillo,2025-10-10,22:50:00,-07:00,2025-10-10T22:50:00-07:00,6,20
resume\index.html,104,html,6e7c4a3f,Odessa Castillo,2025-10-02,22:03:28,-07:00,2025-10-02T22:03:28-07:00,8,114
resume\index.html,105,html,6e7c4a3f,Odessa Castillo,2025-10-02,22:03:28,-07:00,2025-10-02T22:03:28-07:00,0,112
resume\index.html,106,html,6e7c4a3f,Odessa Castillo,2025-10-02,22:03:28,-07:00,2025-10-02T22:03:28-07:00,0,37
resume\index.html,107,html,6e7c4a3f,Odessa Castillo,2025-10-02,22:03:28,-07:00,2025-10-02T22:03:28-07:00,0,2
resume\index.html,108,html,aadf2d41,Odessa Castillo,2025-10-10,22:50:00,-07:00,2025-10-10T22:50:00-07:00,6,4
resume\index.html,109,html,6e7c4a3f,Odessa Castillo,2025-10-02,22:03:28,-07:00,2025-10-02T22:03:28-07:00,4,8
resume\index.html,110,html,51cbcff1,Odessa Castillo,2025-10-10,22:35:01,-07:00,2025-10-10T22:35:01-07:00,4,21
resume\index.html,111,html,db03967d,Odessa Castillo,2025-10-10,22:40:54,-07:00,2025-10-10T22:40:54-07:00,6,22
resume\index.html,112,html,51cbcff1,Odessa Castillo,2025-10-10,22:35:01,-07:00,2025-10-10T22:35:01-07:00,8,112
resume\index.html,113,html,51cbcff1,Odessa Castillo,2025-10-10,22:35:01,-07:00,2025-10-10T22:35:01-07:00,6,4
resume\index.html,114,html,6e7c4a3f,Odessa Castillo,2025-10-02,22:03:28,-07:00,2025-10-02T22:03:28-07:00,6,24
resume\index.html,115,html,aadf2d41,Odessa Castillo,2025-10-10,22:50:00,-07:00,2025-10-10T22:50:00-07:00,6,20
resume\index.html,116,html,6e7c4a3f,Odessa Castillo,2025-10-02,22:03:28,-07:00,2025-10-02T22:03:28-07:00,8,97
resume\index.html,117,html,6e7c4a3f,Odessa Castillo,2025-10-02,22:03:28,-07:00,2025-10-02T22:03:28-07:00,0,112
resume\index.html,118,html,6e7c4a3f,Odessa Castillo,2025-10-02,22:03:28,-07:00,2025-10-02T22:03:28-07:00,0,119
resume\index.html,119,html,6e7c4a3f,Odessa Castillo,2025-10-02,22:03:28,-07:00,2025-10-02T22:03:28-07:00,0,3
resume\index.html,120,html,6e7c4a3f,Odessa Castillo,2025-10-02,22:03:28,-07:00,2025-10-02T22:03:28-07:00,0,2
resume\index.html,121,html,aadf2d41,Odessa Castillo,2025-10-10,22:50:00,-07:00,2025-10-10T22:50:00-07:00,6,4
resume\index.html,122,html,6e7c4a3f,Odessa Castillo,2025-10-02,22:03:28,-07:00,2025-10-02T22:03:28-07:00,4,8
resume\index.html,123,html,51cbcff1,Odessa Castillo,2025-10-10,22:35:01,-07:00,2025-10-10T22:35:01-07:00,4,21
resume\index.html,124,html,db03967d,Odessa Castillo,2025-10-10,22:40:54,-07:00,2025-10-10T22:40:54-07:00,6,22
resume\index.html,125,html,51cbcff1,Odessa Castillo,2025-10-10,22:35:01,-07:00,2025-10-10T22:35:01-07:00,8,117
resume\index.html,126,html,51cbcff1,Odessa Castillo,2025-10-10,22:35:01,-07:00,2025-10-10T22:35:01-07:00,6,4
resume\index.html,127,html,6e7c4a3f,Odessa Castillo,2025-10-02,22:03:28,-07:00,2025-10-02T22:03:28-07:00,6,24
resume\index.html,128,html,aadf2d41,Odessa Castillo,2025-10-10,22:50:00,-07:00,2025-10-10T22:50:00-07:00,6,20
resume\index.html,129,html,aadf2d41,Odessa Castillo,2025-10-10,22:50:00,-07:00,2025-10-10T22:50:00-07:00,8,176
resume\index.html,130,html,aadf2d41,Odessa Castillo,2025-10-10,22:50:00,-07:00,2025-10-10T22:50:00-07:00,6,4
resume\index.html,131,html,aadf2d41,Odessa Castillo,2025-10-10,22:50:00,-07:00,2025-10-10T22:50:00-07:00,6,8
resume\index.html,132,html,6e7c4a3f,Odessa Castillo,2025-10-02,22:03:28,-07:00,2025-10-02T22:03:28-07:00,2,8
resume\index.html,133,html,6e7c4a3f,Odessa Castillo,2025-10-02,22:03:28,-07:00,2025-10-02T22:03:28-07:00,0,0
resume\index.html,134,html,6e7c4a3f,Odessa Castillo,2025-10-02,22:03:28,-07:00,2025-10-02T22:03:28-07:00,2,7
resume\index.html,135,html,6e7c4a3f,Odessa Castillo,2025-10-02,22:03:28,-07:00,2025-10-02T22:03:28-07:00,4,15
resume\index.html,136,html,51cbcff1,Odessa Castillo,2025-10-10,22:35:01,-07:00,2025-10-10T22:35:01-07:00,4,21
resume\index.html,137,html,db03967d,Odessa Castillo,2025-10-10,22:40:54,-07:00,2025-10-10T22:40:54-07:00,6,22
resume\index.html,138,html,51cbcff1,Odessa Castillo,2025-10-10,22:35:01,-07:00,2025-10-10T22:35:01-07:00,8,124
resume\index.html,139,html,51cbcff1,Odessa Castillo,2025-10-10,22:35:01,-07:00,2025-10-10T22:35:01-07:00,6,4
resume\index.html,140,html,6e7c4a3f,Odessa Castillo,2025-10-02,22:03:28,-07:00,2025-10-02T22:03:28-07:00,6,27
resume\index.html,141,html,aadf2d41,Odessa Castillo,2025-10-10,22:50:00,-07:00,2025-10-10T22:50:00-07:00,6,20
resume\index.html,142,html,aadf2d41,Odessa Castillo,2025-10-10,22:50:00,-07:00,2025-10-10T22:50:00-07:00,8,198
resume\index.html,143,html,aadf2d41,Odessa Castillo,2025-10-10,22:50:00,-07:00,2025-10-10T22:50:00-07:00,8,69
resume\index.html,144,html,aadf2d41,Odessa Castillo,2025-10-10,22:50:00,-07:00,2025-10-10T22:50:00-07:00,6,4
resume\index.html,145,html,6e7c4a3f,Odessa Castillo,2025-10-02,22:03:28,-07:00,2025-10-02T22:03:28-07:00,4,8
resume\index.html,146,html,6e7c4a3f,Odessa Castillo,2025-10-02,22:03:28,-07:00,2025-10-02T22:03:28-07:00,2,8
resume\index.html,147,html,9371de0b,Odessa Castillo,2025-10-17,23:23:09,-07:00,2025-10-17T23:23:09-07:00,2,48
resume\index.html,148,html,6e7c4a3f,Odessa Castillo,2025-10-02,22:03:28,-07:00,2025-10-02T22:03:28-07:00,0,5
resume\index.html,149,html,6e7c4a3f,Odessa Castillo,2025-10-02,22:03:28,-07:00,2025-10-02T22:03:28-07:00,0,5
projects\projects.js,1,js,32480db9,Odessa Castillo,2025-10-23,23:56:26,-07:00,2025-10-23T23:56:26-07:00,0,55
projects\projects.js,2,js,32480db9,Odessa Castillo,2025-10-23,23:56:26,-07:00,2025-10-23T23:56:26-07:00,0,55
projects\projects.js,3,js,32480db9,Odessa Castillo,2025-10-23,23:56:26,-07:00,2025-10-23T23:56:26-07:00,0,41
projects\projects.js,4,js,32480db9,Odessa Castillo,2025-10-23,23:56:26,-07:00,2025-10-23T23:56:26-07:00,0,0
projects\projects.js,5,js,32480db9,Odessa Castillo,2025-10-23,23:56:26,-07:00,2025-10-23T23:56:26-07:00,0,60
projects\projects.js,6,js,32480db9,Odessa Castillo,2025-10-23,23:56:26,-07:00,2025-10-23T23:56:26-07:00,0,48
projects\projects.js,7,js,32480db9,Odessa Castillo,2025-10-23,23:56:26,-07:00,2025-10-23T23:56:26-07:00,0,0
projects\projects.js,8,js,32480db9,Odessa Castillo,2025-10-23,23:56:26,-07:00,2025-10-23T23:56:26-07:00,0,54
projects\projects.js,9,js,32480db9,Odessa Castillo,2025-10-23,23:56:26,-07:00,2025-10-23T23:56:26-07:00,0,28
projects\projects.js,10,js,a46ba8d5,Odessa Castillo,2025-11-01,21:58:18,-07:00,2025-11-01T21:58:18-07:00,0,42
projects\projects.js,11,js,a46ba8d5,Odessa Castillo,2025-11-01,21:58:18,-07:00,2025-11-01T21:58:18-07:00,0,0
projects\projects.js,12,js,a46ba8d5,Odessa Castillo,2025-11-01,21:58:18,-07:00,2025-11-01T21:58:18-07:00,0,63
projects\projects.js,13,js,a46ba8d5,Odessa Castillo,2025-11-01,21:58:18,-07:00,2025-11-01T21:58:18-07:00,0,57
projects\projects.js,14,js,a46ba8d5,Odessa Castillo,2025-11-01,21:58:18,-07:00,2025-11-01T21:58:18-07:00,0,0
projects\projects.js,15,js,a46ba8d5,Odessa Castillo,2025-11-01,21:58:18,-07:00,2025-11-01T21:58:18-07:00,0,38
projects\projects.js,16,js,a46ba8d5,Odessa Castillo,2025-11-01,21:58:18,-07:00,2025-11-01T21:58:18-07:00,1,0
projects\projects.js,17,js,a46ba8d5,Odessa Castillo,2025-11-01,21:58:18,-07:00,2025-11-01T21:58:18-07:00,1,26
projects\projects.js,18,js,a46ba8d5,Odessa Castillo,2025-11-01,21:58:18,-07:00,2025-11-01T21:58:18-07:00,1,12
projects\projects.js,19,js,a46ba8d5,Odessa Castillo,2025-11-01,21:58:18,-07:00,2025-11-01T21:58:18-07:00,1,14
projects\projects.js,20,js,a46ba8d5,Odessa Castillo,2025-11-01,21:58:18,-07:00,2025-11-01T21:58:18-07:00,1,12
projects\projects.js,21,js,a46ba8d5,Odessa Castillo,2025-11-01,21:58:18,-07:00,2025-11-01T21:58:18-07:00,0,0
projects\projects.js,22,js,a46ba8d5,Odessa Castillo,2025-11-01,21:58:18,-07:00,2025-11-01T21:58:18-07:00,0,0
projects\projects.js,23,js,a46ba8d5,Odessa Castillo,2025-11-01,21:58:18,-07:00,2025-11-01T21:58:18-07:00,1,44
projects\projects.js,24,js,a46ba8d5,Odessa Castillo,2025-11-01,21:58:18,-07:00,2025-11-01T21:58:18-07:00,2,35
projects\projects.js,25,js,a46ba8d5,Odessa Castillo,2025-11-01,21:58:18,-07:00,2025-11-01T21:58:18-07:00,1,1
projects\projects.js,26,js,a46ba8d5,Odessa Castillo,2025-11-01,21:58:18,-07:00,2025-11-01T21:58:18-07:00,1,53
projects\projects.js,27,js,a46ba8d5,Odessa Castillo,2025-11-01,21:58:18,-07:00,2025-11-01T21:58:18-07:00,1,39
projects\projects.js,28,js,a46ba8d5,Odessa Castillo,2025-11-01,21:58:18,-07:00,2025-11-01T21:58:18-07:00,1,48
projects\projects.js,29,js,a46ba8d5,Odessa Castillo,2025-11-01,21:58:18,-07:00,2025-11-01T21:58:18-07:00,1,47
projects\projects.js,30,js,a46ba8d5,Odessa Castillo,2025-11-01,21:58:18,-07:00,2025-11-01T21:58:18-07:00,0,0
projects\projects.js,31,js,a46ba8d5,Odessa Castillo,2025-11-01,21:58:18,-07:00,2025-11-01T21:58:18-07:00,1,25
projects\projects.js,32,js,a46ba8d5,Odessa Castillo,2025-11-01,21:58:18,-07:00,2025-11-01T21:58:18-07:00,1,29
projects\projects.js,33,js,a46ba8d5,Odessa Castillo,2025-11-01,21:58:18,-07:00,2025-11-01T21:58:18-07:00,1,21
projects\projects.js,34,js,a46ba8d5,Odessa Castillo,2025-11-01,21:58:18,-07:00,2025-11-01T21:58:18-07:00,0,0
projects\projects.js,35,js,a46ba8d5,Odessa Castillo,2025-11-01,21:58:18,-07:00,2025-11-01T21:58:18-07:00,1,32
projects\projects.js,36,js,a46ba8d5,Odessa Castillo,2025-11-01,21:58:18,-07:00,2025-11-01T21:58:18-07:00,1,30
projects\projects.js,37,js,a46ba8d5,Odessa Castillo,2025-11-01,21:58:18,-07:00,2025-11-01T21:58:18-07:00,0,0
projects\projects.js,38,js,a46ba8d5,Odessa Castillo,2025-11-01,21:58:18,-07:00,2025-11-01T21:58:18-07:00,1,22
projects\projects.js,39,js,a46ba8d5,Odessa Castillo,2025-11-01,21:58:18,-07:00,2025-11-01T21:58:18-07:00,2,4
projects\projects.js,40,js,a46ba8d5,Odessa Castillo,2025-11-01,21:58:18,-07:00,2025-11-01T21:58:18-07:00,3,11
projects\projects.js,41,js,a46ba8d5,Odessa Castillo,2025-11-01,21:58:18,-07:00,2025-11-01T21:58:18-07:00,3,36
projects\projects.js,42,js,a46ba8d5,Odessa Castillo,2025-11-01,21:58:18,-07:00,2025-11-01T21:58:18-07:00,3,24
projects\projects.js,43,js,a46ba8d5,Odessa Castillo,2025-11-01,21:58:18,-07:00,2025-11-01T21:58:18-07:00,3,69
projects\projects.js,44,js,a46ba8d5,Odessa Castillo,2025-11-01,21:58:18,-07:00,2025-11-01T21:58:18-07:00,2,1
projects\projects.js,45,js,a46ba8d5,Odessa Castillo,2025-11-01,21:58:18,-07:00,2025-11-01T21:58:18-07:00,0,0
projects\projects.js,46,js,a46ba8d5,Odessa Castillo,2025-11-01,21:58:18,-07:00,2025-11-01T21:58:18-07:00,1,24
projects\projects.js,47,js,a46ba8d5,Odessa Castillo,2025-11-01,21:58:18,-07:00,2025-11-01T21:58:18-07:00,1,16
projects\projects.js,48,js,a46ba8d5,Odessa Castillo,2025-11-01,21:58:18,-07:00,2025-11-01T21:58:18-07:00,1,13
projects\projects.js,49,js,a46ba8d5,Odessa Castillo,2025-11-01,21:58:18,-07:00,2025-11-01T21:58:18-07:00,1,22
projects\projects.js,50,js,a46ba8d5,Odessa Castillo,2025-11-01,21:58:18,-07:00,2025-11-01T21:58:18-07:00,1,17
projects\projects.js,51,js,a46ba8d5,Odessa Castillo,2025-11-01,21:58:18,-07:00,2025-11-01T21:58:18-07:00,3,43
projects\projects.js,52,js,a46ba8d5,Odessa Castillo,2025-11-01,21:58:18,-07:00,2025-11-01T21:58:18-07:00,3,19
projects\projects.js,53,js,a46ba8d5,Odessa Castillo,2025-11-01,21:58:18,-07:00,2025-11-01T21:58:18-07:00,3,26
projects\projects.js,54,js,a46ba8d5,Odessa Castillo,2025-11-01,21:58:18,-07:00,2025-11-01T21:58:18-07:00,4,51
projects\projects.js,55,js,a46ba8d5,Odessa Castillo,2025-11-01,21:58:18,-07:00,2025-11-01T21:58:18-07:00,0,0
projects\projects.js,56,js,a46ba8d5,Odessa Castillo,2025-11-01,21:58:18,-07:00,2025-11-01T21:58:18-07:00,3,20
projects\projects.js,57,js,a46ba8d5,Odessa Castillo,2025-11-01,21:58:18,-07:00,2025-11-01T21:58:18-07:00,3,26
projects\projects.js,58,js,a46ba8d5,Odessa Castillo,2025-11-01,21:58:18,-07:00,2025-11-01T21:58:18-07:00,4,57
projects\projects.js,59,js,a46ba8d5,Odessa Castillo,2025-11-01,21:58:18,-07:00,2025-11-01T21:58:18-07:00,2,0
projects\projects.js,60,js,a46ba8d5,Odessa Castillo,2025-11-01,21:58:18,-07:00,2025-11-01T21:58:18-07:00,2,25
projects\projects.js,61,js,a46ba8d5,Odessa Castillo,2025-11-01,21:58:18,-07:00,2025-11-01T21:58:18-07:00,3,23
projects\projects.js,62,js,a46ba8d5,Odessa Castillo,2025-11-01,21:58:18,-07:00,2025-11-01T21:58:18-07:00,3,48
projects\projects.js,63,js,a46ba8d5,Odessa Castillo,2025-11-01,21:58:18,-07:00,2025-11-01T21:58:18-07:00,2,6
projects\projects.js,64,js,a46ba8d5,Odessa Castillo,2025-11-01,21:58:18,-07:00,2025-11-01T21:58:18-07:00,3,43
projects\projects.js,65,js,a46ba8d5,Odessa Castillo,2025-11-01,21:58:18,-07:00,2025-11-01T21:58:18-07:00,3,42
projects\projects.js,66,js,a46ba8d5,Odessa Castillo,2025-11-01,21:58:18,-07:00,2025-11-01T21:58:18-07:00,3,79
projects\projects.js,67,js,a46ba8d5,Odessa Castillo,2025-11-01,21:58:18,-07:00,2025-11-01T21:58:18-07:00,3,56
projects\projects.js,68,js,a46ba8d5,Odessa Castillo,2025-11-01,21:58:18,-07:00,2025-11-01T21:58:18-07:00,2,0
projects\projects.js,69,js,a46ba8d5,Odessa Castillo,2025-11-01,21:58:18,-07:00,2025-11-01T21:58:18-07:00,1,1
projects\projects.js,70,js,a46ba8d5,Odessa Castillo,2025-11-01,21:58:18,-07:00,2025-11-01T21:58:18-07:00,1,1
projects\projects.js,71,js,a46ba8d5,Odessa Castillo,2025-11-01,21:58:18,-07:00,2025-11-01T21:58:18-07:00,0,0
projects\projects.js,72,js,a46ba8d5,Odessa Castillo,2025-11-01,21:58:18,-07:00,2025-11-01T21:58:18-07:00,0,0
projects\projects.js,73,js,a46ba8d5,Odessa Castillo,2025-11-01,21:58:18,-07:00,2025-11-01T21:58:18-07:00,0,23
projects\projects.js,74,js,a46ba8d5,Odessa Castillo,2025-11-01,21:58:18,-07:00,2025-11-01T21:58:18-07:00,0,0
projects\projects.js,75,js,a46ba8d5,Odessa Castillo,2025-11-01,21:58:18,-07:00,2025-11-01T21:58:18-07:00,0,13
projects\projects.js,76,js,a46ba8d5,Odessa Castillo,2025-11-01,21:58:18,-07:00,2025-11-01T21:58:18-07:00,0,53
projects\projects.js,77,js,a46ba8d5,Odessa Castillo,2025-11-01,21:58:18,-07:00,2025-11-01T21:58:18-07:00,0,0
projects\projects.js,78,js,a46ba8d5,Odessa Castillo,2025-11-01,21:58:18,-07:00,2025-11-01T21:58:18-07:00,0,49
projects\projects.js,79,js,a46ba8d5,Odessa Castillo,2025-11-01,21:58:18,-07:00,2025-11-01T21:58:18-07:00,1,19
projects\projects.js,80,js,a46ba8d5,Odessa Castillo,2025-11-01,21:58:18,-07:00,2025-11-01T21:58:18-07:00,1,25
projects\projects.js,81,js,a46ba8d5,Odessa Castillo,2025-11-01,21:58:18,-07:00,2025-11-01T21:58:18-07:00,1,51
projects\projects.js,82,js,a46ba8d5,Odessa Castillo,2025-11-01,21:58:18,-07:00,2025-11-01T21:58:18-07:00,1,58
projects\projects.js,83,js,a46ba8d5,Odessa Castillo,2025-11-01,21:58:18,-07:00,2025-11-01T21:58:18-07:00,1,42
projects\projects.js,84,js,a46ba8d5,Odessa Castillo,2025-11-01,21:58:18,-07:00,2025-11-01T21:58:18-07:00,0,1
projects\projects.js,85,js,a46ba8d5,Odessa Castillo,2025-11-01,21:58:18,-07:00,2025-11-01T21:58:18-07:00,1,56
projects\projects.js,86,js,a46ba8d5,Odessa Castillo,2025-11-01,21:58:18,-07:00,2025-11-01T21:58:18-07:00,1,31
projects\projects.js,87,js,a46ba8d5,Odessa Castillo,2025-11-01,21:58:18,-07:00,2025-11-01T21:58:18-07:00,0,0
projects\projects.js,88,js,a46ba8d5,Odessa Castillo,2025-11-01,21:58:18,-07:00,2025-11-01T21:58:18-07:00,0,1
projects\projects.js,89,js,a46ba8d5,Odessa Castillo,2025-11-01,21:58:18,-07:00,2025-11-01T21:58:18-07:00,0,0
projects\projects.js,90,js,a46ba8d5,Odessa Castillo,2025-11-01,21:58:18,-07:00,2025-11-01T21:58:18-07:00,0,0
projects\projects.js,91,js,a46ba8d5,Odessa Castillo,2025-11-01,21:58:18,-07:00,2025-11-01T21:58:18-07:00,0,0
projects\index.html,1,html,6e7c4a3f,Odessa Castillo,2025-10-02,22:03:28,-07:00,2025-10-02T22:03:28-07:00,0,13
projects\index.html,2,html,6e7c4a3f,Odessa Castillo,2025-10-02,22:03:28,-07:00,2025-10-02T22:03:28-07:00,0,14
projects\index.html,3,html,6e7c4a3f,Odessa Castillo,2025-10-02,22:03:28,-07:00,2025-10-02T22:03:28-07:00,0,4
projects\index.html,4,html,6e7c4a3f,Odessa Castillo,2025-10-02,22:03:28,-07:00,2025-10-02T22:03:28-07:00,2,20
projects\index.html,5,html,6e7c4a3f,Odessa Castillo,2025-10-02,22:03:28,-07:00,2025-10-02T22:03:28-07:00,2,68
projects\index.html,6,html,51cbcff1,Odessa Castillo,2025-10-10,22:35:01,-07:00,2025-10-10T22:35:01-07:00,2,41
projects\index.html,7,html,6e7c4a3f,Odessa Castillo,2025-10-02,22:03:28,-07:00,2025-10-02T22:03:28-07:00,2,21
projects\index.html,8,html,6e7c4a3f,Odessa Castillo,2025-10-02,22:03:28,-07:00,2025-10-02T22:03:28-07:00,0,5
projects\index.html,9,html,6e7c4a3f,Odessa Castillo,2025-10-02,22:03:28,-07:00,2025-10-02T22:03:28-07:00,0,4
projects\index.html,10,html,32480db9,Odessa Castillo,2025-10-23,23:56:26,-07:00,2025-10-23T23:56:26-07:00,2,42
projects\index.html,11,html,a46ba8d5,Odessa Castillo,2025-11-01,21:58:18,-07:00,2025-11-01T21:58:18-07:00,2,21
projects\index.html,12,html,a46ba8d5,Odessa Castillo,2025-11-01,21:58:18,-07:00,2025-11-01T21:58:18-07:00,4,58
projects\index.html,13,html,a46ba8d5,Odessa Castillo,2025-11-01,21:58:18,-07:00,2025-11-01T21:58:18-07:00,4,22
projects\index.html,14,html,a46ba8d5,Odessa Castillo,2025-11-01,21:58:18,-07:00,2025-11-01T21:58:18-07:00,2,4
projects\index.html,15,html,a46ba8d5,Odessa Castillo,2025-11-01,21:58:18,-07:00,2025-11-01T21:58:18-07:00,2,101
projects\index.html,16,html,51cbcff1,Odessa Castillo,2025-10-10,22:35:01,-07:00,2025-10-10T22:35:01-07:00,2,20
projects\index.html,17,html,51cbcff1,Odessa Castillo,2025-10-10,22:35:01,-07:00,2025-10-10T22:35:01-07:00,2,4
projects\index.html,18,html,00000000,Not Committed Yet,2025-11-07,00:00:15,-08:00,2025-11-07T00:00:15-08:00,2,0
projects\index.html,19,html,9371de0b,Odessa Castillo,2025-10-17,23:23:09,-07:00,2025-10-17T23:23:09-07:00,2,48
projects\index.html,20,html,32480db9,Odessa Castillo,2025-10-23,23:56:26,-07:00,2025-10-23T23:56:26-07:00,2,47
projects\index.html,21,html,51cbcff1,Odessa Castillo,2025-10-10,22:35:01,-07:00,2025-10-10T22:35:01-07:00,2,0
projects\index.html,22,html,6e7c4a3f,Odessa Castillo,2025-10-02,22:03:28,-07:00,2025-10-02T22:03:28-07:00,0,5
projects\index.html,23,html,6e7c4a3f,Odessa Castillo,2025-10-02,22:03:28,-07:00,2025-10-02T22:03:28-07:00,0,5
contact\index.html,1,html,6e7c4a3f,Odessa Castillo,2025-10-02,22:03:28,-07:00,2025-10-02T22:03:28-07:00,0,13
contact\index.html,2,html,6e7c4a3f,Odessa Castillo,2025-10-02,22:03:28,-07:00,2025-10-02T22:03:28-07:00,0,14
contact\index.html,3,html,6e7c4a3f,Odessa Castillo,2025-10-02,22:03:28,-07:00,2025-10-02T22:03:28-07:00,0,4
contact\index.html,4,html,6e7c4a3f,Odessa Castillo,2025-10-02,22:03:28,-07:00,2025-10-02T22:03:28-07:00,2,20
contact\index.html,5,html,6e7c4a3f,Odessa Castillo,2025-10-02,22:03:28,-07:00,2025-10-02T22:03:28-07:00,2,68
contact\index.html,6,html,51cbcff1,Odessa Castillo,2025-10-10,22:35:01,-07:00,2025-10-10T22:35:01-07:00,2,41
contact\index.html,7,html,6e7c4a3f,Odessa Castillo,2025-10-02,22:03:28,-07:00,2025-10-02T22:03:28-07:00,2,21
contact\index.html,8,html,6e7c4a3f,Odessa Castillo,2025-10-02,22:03:28,-07:00,2025-10-02T22:03:28-07:00,0,5
contact\index.html,9,html,6e7c4a3f,Odessa Castillo,2025-10-02,22:03:28,-07:00,2025-10-02T22:03:28-07:00,0,4
contact\index.html,10,html,6e7c4a3f,Odessa Castillo,2025-10-02,22:03:28,-07:00,2025-10-02T22:03:28-07:00,2,18
contact\index.html,11,html,6e7c4a3f,Odessa Castillo,2025-10-02,22:03:28,-07:00,2025-10-02T22:03:28-07:00,2,75
contact\index.html,12,html,6e7c4a3f,Odessa Castillo,2025-10-02,22:03:28,-07:00,2025-10-02T22:03:28-07:00,4,24
contact\index.html,13,html,6e7c4a3f,Odessa Castillo,2025-10-02,22:03:28,-07:00,2025-10-02T22:03:28-07:00,6,32
contact\index.html,14,html,6e7c4a3f,Odessa Castillo,2025-10-02,22:03:28,-07:00,2025-10-02T22:03:28-07:00,6,31
contact\index.html,15,html,6e7c4a3f,Odessa Castillo,2025-10-02,22:03:28,-07:00,2025-10-02T22:03:28-07:00,4,4
contact\index.html,16,html,6e7c4a3f,Odessa Castillo,2025-10-02,22:03:28,-07:00,2025-10-02T22:03:28-07:00,4,24
contact\index.html,17,html,6e7c4a3f,Odessa Castillo,2025-10-02,22:03:28,-07:00,2025-10-02T22:03:28-07:00,6,36
contact\index.html,18,html,6e7c4a3f,Odessa Castillo,2025-10-02,22:03:28,-07:00,2025-10-02T22:03:28-07:00,6,20
contact\index.html,19,html,6e7c4a3f,Odessa Castillo,2025-10-02,22:03:28,-07:00,2025-10-02T22:03:28-07:00,4,4
contact\index.html,20,html,6e7c4a3f,Odessa Castillo,2025-10-02,22:03:28,-07:00,2025-10-02T22:03:28-07:00,4,24
contact\index.html,21,html,6e7c4a3f,Odessa Castillo,2025-10-02,22:03:28,-07:00,2025-10-02T22:03:28-07:00,6,36
contact\index.html,22,html,6e7c4a3f,Odessa Castillo,2025-10-02,22:03:28,-07:00,2025-10-02T22:03:28-07:00,6,31
contact\index.html,23,html,6e7c4a3f,Odessa Castillo,2025-10-02,22:03:28,-07:00,2025-10-02T22:03:28-07:00,4,4
contact\index.html,24,html,6e7c4a3f,Odessa Castillo,2025-10-02,22:03:28,-07:00,2025-10-02T22:03:28-07:00,4,35
contact\index.html,25,html,6e7c4a3f,Odessa Castillo,2025-10-02,22:03:28,-07:00,2025-10-02T22:03:28-07:00,4,0
contact\index.html,26,html,6e7c4a3f,Odessa Castillo,2025-10-02,22:03:28,-07:00,2025-10-02T22:03:28-07:00,4,0
contact\index.html,27,html,6e7c4a3f,Odessa Castillo,2025-10-02,22:03:28,-07:00,2025-10-02T22:03:28-07:00,2,5
contact\index.html,28,html,9371de0b,Odessa Castillo,2025-10-17,23:23:09,-07:00,2025-10-17T23:23:09-07:00,2,48
contact\index.html,29,html,6e7c4a3f,Odessa Castillo,2025-10-02,22:03:28,-07:00,2025-10-02T22:03:28-07:00,0,5
contact\index.html,30,html,6e7c4a3f,Odessa Castillo,2025-10-02,22:03:28,-07:00,2025-10-02T22:03:28-07:00,0,5
